code_item,description_item,total
 ,,19
0101,VD DRAAD 1.5 mm  ZWART,313
0102,VD DRAAD 2.5 mm  BRUIN,446
0103,VD DRAAD 2.5 mm  BLAUW,507
0104,VD DRAAD 2.5 mm  GR/GL,300
0107,VD DRAAD  4  mm  GL/GR,200
0108,VD DRAAD  6  mm  ZWART,300
0109,VD DRAAD  6  mm  BLAUW,500
0110,VD DRAAD  6  mm  GR/GL,300
0111,VD DRAAD 10  mm  ZWART,100
0112,VD DRAAD 10  mm  BLAUW,100
0115,VD DRAAD 16  mm  BLAUW,400
0116,VD DRAAD 16  mm  GR/GL,100
0117,VD DRAAD 25  mm  ZWART,700
0118,VD DRAAD 25  mm  BLAUW,600
0119,VD DRAAD 25  mm  GR/GL,100
0130,VDS DRAAD FLEX  1.5mm ZWART,400
0131,VDS DRAAD FLEX  1.5 mm BLAUW,100
0132,VDS DRAAD FLEX  1.5 mm GR/GL,400
0137,VDS DRAAD FLEX 10 mm ZWART,200
0138,VDS DRAAD FLEX 10 mm BLAUW,700
0140,VDS DRAAD FLEX 16 mm BLAUW,300
0141,VDS DRAAD FLEX 16mm GR/GL,100
0142,VDS DRAAD FLEX 25 mm ZWART,300
0143,VDS DRAAD FLEX 25 mm BLAUW,200
0144,VDS DRAAD FLEX 25 mm GR/GL-K,100
0145,VDS DRAAD FLEX 35 mm ZWART,200
0146,VDS DRAAD FLEX 35 mm BLAUW,200
0147,VDS DRAAD FLEX 35 mm GR/GL,100
0148,VDS DRAAD FLEX 50 mm ZWART,200
0149,VDS DRAAD FLEX 2.5mm ZWART,300
0150,VDS DRAAD FLEX 2.5mm BLAUW,300
0153,VDS DRAAD FLEX 4mm BLAUW,800
0154,VDS DRAAD FLEX 4mm GR/GL,1400
0155,VDS DRAAD FLEX 2.5mm ROOD,300
0159,VDS H07V-K FLEX 50 mm BLAUW,200
01??,,280
0201,KABEL YMvK 3G2.5mm rol/100mtr,11
0245,VMVL  H05 V V-F 2x0.75  mm,500
0247,VMvL H05 V V-F 2x1.5   mm,400
0250,VMvL H05 V V-F 4G2.5   mm,700
02501,VMvL H05 V V-F 5G2.5   mm,500
0262,COAX RG6 60% 18AWG,120
0278,KABELGOOT 100x40 mm,4
0284,KABELGOOT 60x40 mm,1
0285,KABELGOOT 10x8 mm,113
0288,KABELGOOT 70x40 mm,9
0289,KABELGOOT 70x60 mm,84
0290,KABELGOOT 100x60 mm,13
0291,KABELGOOT  DEKSEL70x40 mm,94
0292,KABELGOOT DEKSEL 70x60 mm,82
0293,KABELGOOT DEKSEL 100x60 mm,81
0299,WIJMAPLAST 100 gram,15
0300,PVC-LIJM 250 ml,29
0305,HOSTALIT MOF 5/8 Grijs,724
0306,FLEXIBELE BUIS 5/8,5
0307,FLEXIBELE BUIS 3/4,10
0310,FLEXIBELE BUIS 1DUIM,16
0311,"MOFFEN   5/8""",26095
0312,"MOFFEN   3/4""",497
0313,"MOFFEN   1""",527
0314,"MOFFEN 1,5""",117
0315,MOFFEN 2'',210
0316,"BOCHT 1""",355
0317,"BOCHT 1,5""",122
0318,"BOCHT 2""",202
0319,"BUISBEVESTIGING 2"" POLFIX",704
0320,"BUISBEVESTIGING 5/8""POLFIX",8258
0321,"BUISBEVESTIGING 3/4""POLFIX",2372
0322,"BUISBEVESTIGING 1.5"" POLFIX",250
0323,"BUISBEVESTIGING 1"" POLFIX",674
0324,BOCHT PVC  5/8 CRÈME,225
0325,BOCHT PVC  3/4 CRÈME,460
0326,"POLFIX 5/8"" SLAGVAST GRIJS",502
0327,"POLFIX 3/4"" SLAGVAST GRIJS",447
0331,CADDY KAB-CLIPS 2 -4mm 15-18,545
0332,CADDY KAB-CLIPS 2- 4mm 19-24,3333
0333,CADDY KAB-CLIPS 4 -7mm 15-18,2112
0334,CADDY KAB-CLIPS 4 -7mm 19-24,2899
0335,CADDY KAB-CLIPS 8-12mm 15-18,3106
0336,CADDY KAB-CLIPS 8-12mm 19-24,2032
0340,"ZADELS 5/8"" - 15-16mm gemenied",23525
0341,"ZADELS 3/4"" 19-20mm roodgemeni",26061
0342,"ZADELS 2x5/8""",1678
0343,"ZADELS 3x5/8""",3627
0344,"ZADELS 4x5/8""",4421
0345,ZADELS 9-10 mm VERT,13992
0346,ZADELS 11- 12 mm VERT,13672
0347,ZADELS 12 mm VERT,64
0348,ZADELS 13 mm VERT,1500
0349,ZADELS 14 mm VERT,12012
0352,BC  ZADEL  2.5mm ZINC,1036
0353,ZADELS ROOD 25mm (1duim),3272
0354,ZADELS ROOD 38mm (1½duim),50
0355,ZADELS ROOD 50mm (2 duim),704
0360,CABLE CLIPS  5-7mm,200
0361,CABLE CLIPS   4  mm,45222
0362,CABLE CLIPS   5  mm,29605
0363,CABLE CLIPS   6  mm,66682
0364,CABLE CLIPS   7  mm,10100
0365,CABLE CLIPS   8  mm,18000
0366,CABLE CLIPS   9  mm,18300
0367,CABLE CLIPS  10  mm,9750
0368,CABLE CLIPS  11  mm,4546
0369,CABLE CLIPS  12  mm,3700
0370,CABLE CLIPS  16  mm,36
0372,CABLE CLIPS  20  mm,75
0373,CABLE CLIPS   11 - 15  mm,2400
0380,TYRAPS  95x2.5,6600
0382,TYRAPS BRN 200 X 2.5,800
0383,TYRAPS  BRN 250 X 4.8,20000
0385,TYRAPS  BRN 250 X 7.6,700
0386,TYRAPS BRN 380 X 7.6,58
0387,TYRAPS BRN 370 X4.8,4800
0388,TYRAPS  BRN 280 X 4.5,21700
0389,TYRAPS BRN 390 X 4.8,7000
0390,MONTAGEBAND 12mm,138
0391,MONTAGEBAND 17mm,124
0401,KABEL EINDHULSJES  6 mm,985
0402,KABEL EINDHULSJES 10 mm,300
0403,KABEL EINDHULSJES 16 mm,100
0404,KABEL EINDHULSJES 25 mm,677
0408,KABEL EINDHULS 2x4mm ISOLEERT,1600
0409,PERSKABELSCHOEN 2.5 mm  M6,2093
0411,PERSKABELSCHOEN  6  mm  M6,4629
0412,PERSKABELSCHOEN 10  mm  M6,2000
0413,PERSKABELSCHOEN 16  mm  M8,1863
0414,PERSKABELSCHOEN 25  mm  M8,945
0416,PERSKABELSCHOEN 50  mm  M10,782
0418,PERSKABELSCHOEN 95  mm  M12,47
0419,PERSKABELSCHOEN 120 mm  M12,251
0421,PERSKABELSCHOEN  240 mm M12,25
0424,VERBINDINGSBUS  2.5 mm,3743
0425,VERBINDINGSBUS  4 mm,2204
0426,VERBINDINGSBUS  6 mm,2476
0427,VERBINDINGSBUS 10 mm,3437
0428,VERBINDINGSBUS 16 mm,449
0429,VERBINDINGSBUS 25 mm,2020
0430,VERBINDINGSBUS 35 mm,899
0431,VERBINDINGSBUS 50 mm,900
0432,VERBINDINGSBUS 70 mm,185
0433,VERBINDINGSBUS 95 mm,197
04331,VERBINDINGSBUS 120 mm,209
04332,VERBINDINGSBUS 240 mm,6
0434,PERSKABELSCHOEN  6  mm  M8,2600
0435,PERSKABELSCHOEN  10  mm  M8,2607
0436,PERSKABELSCHOEN  10  mm  M10,2141
0437,PERSKABELSCHOEN  16  mm  M6,2657
0438,PERSKABELSCHOEN  16  mm  M10,1051
0439,PERSKABELSCHOEN  25  mm  M6,1098
0440,PERSKABELSCHOEN  25  mm  M10,700
0441,PERSKABELSCHOEN  25  mm  M12,868
0442,PERSKABELSCHOEN  35  mm  M10,600
0443,PERSKABELSCHOEN  35  mm  M12,342
0444,PERSKABELSCHOEN  50  mm  M12,644
0445,PERSKABELSCHOEN  70  mm  M12,756
0446,PERSKABELSCHOEN  95  mm  M10,312
0447,PERSKABELSCHOEN  120  mm  M10,1209
0451,PERSKABELSCHOEN  50  mm  M8,260
0452,PERSKABELSCHOEN  95  mm  M8,395
0453,PERSKABELSCHOEN  70  mm  M14,4
0455,RAYTECH GIETMOF 95MM(A310),1
0456,A310 BARNICOL GIETMOF CPL,5
0457,A150 BARNICOL GIETMOF CPL,12
0460,A370 BARNICOL GIETMOF CPL,8
0461,A470 BARNICOL GIETMOF CPL,2
0462,BARNICOL GIETHARS A,6
0463,BARNICOL GIETHARS B,6
0464,BARNICOL GIETHARS C,5
0467,ATTEMA  GIETMOF PAKKET 2511,32
0468,CP-10 PIN PERSKABELSCHOEN 10MM,858
0469,CP-16 PIN PERSKABELSCHOEN 16MM,537
0470,CP-25 PIN PERSKABELSCHOEN 25MM,330
0471,CP-35 PIN PERSKABELSCHOEN 35MM,122
0472,CP-50 PIN PERSKABELSCHOEN 50MM,28
0473,PERSKABELSCHOEN SMALL 70-10MM,12
0474,PERSKABELSCHOEN SMALL 95-10MM,121
0476,PERSKABELSCHOEN SMALL 240-10MM,8
0477,PERSKABELSCHOEN SMALL 240-12MM,48
0480,T-DOOS              4206-D,446
0481,MIDDENDOOS DUBBEL 4207-D,240
0482,TOPDOOS DUBB RECHT 4208-D,15
0483,TOPDOOS DUBB LINKS   4209-D,65
0484,TOP T DOOS DUBB. R. 4210-D,927
0485,TOP T DOOS DUBB. L.  4211-D,903
0486,KABELDOOS 220A,294
0487,KABELDOOS 222A,141
0488,KABELDOOS 221A,1
0489,KABELDOOS 223A,125
04891,KABELDOOS J100S,164
0490,TREKDOOS                4202-D,353
0491,KABELDOOS 225A,55
0492,KABELDOOS 224A,28
0493,KABELDOOS EP088 (18100),206
0494,KABELDOOS EV111(18300),223
04941,KABEL DOOS EL161 (18800),44
04942,KABEL DOOS EL171 (19150),75
04943,KABEL DOOS EL322 (19750),42
04944,KABEL DOOS GSLT171 (19805),12
04945,KABEL DOOS GSLT231 (19905),6
04946,KABEL DOOS GSLT322 (19965),22
0495,EINDDOOS                4201-D,10
0499,VERHOGINGSRING H251,50
0500,DUBB INBOUWDOOS H251 ABB,266
0501,LASDOOS TOP T DOOS L DUBB3211,670
0502,LASDOOS TOP T  R DUBB 3210,469
0504,LASDOOS VORK TOP LINKS 3209,120
0505,CD/RV RONDE DEKSEL CENTRAL,235
0506,AD/16-19 AFSLUITSTOPBUIS 16-19,1179
0509,LASD EIND ACHTER INV 2031 att,100
0510,LASD TREK ACHTER INV 3222,667
0511,PLAFONDDOOS 97371201 GRO-2 120,58
0513,INBOUWDS HOLLEWAND 16/19,407
0514,MONTAGEDEKSEL GRIJS 3640/D,155
0515,DEKSEL VOOR LASDOOS  3504,574
0517,CENTR ZIJKANT BODEM 76.5MM 169,46
0518,CENTRAALDOOS ROND 80MM C80,203
0519,CENTRAALDOOS ROND 100MM C100,235
0520,CENTRAALD 5/8 55mm ONG 165A,466
0521,CENTRAALD 5/8 55mm GEL 165B,355
0524,CENTRDOOS ROND 12X16/19/20MM,1085
0525,CENTRAALDOOS DEKSEL 3506,752
0526,MONTAGEDEKSEL+WCD3611W1,240
0527,MONTAGEDEKSEL+WCD3611W2,255
0528,MONTAGEDEKSEL+WCD3640W4,101
0529,ONDERBAK KABELDOOS 3640/1,2
0530,MONTAGEDEKSEL+WCD3640W2,317
0531,UNIVERSEEL LASDOOS    3611,785
0532,BLINDDEKSEL (uni lasdoos) 3535,400
0533,MONTAGEDKSL (uni lasdoos) 3543,269
0534,INBOUWDOOS DUBB WCD H140,464
0535,GIETBOUWDOOS EURO 2x3/4 MGD50,893
0539,INZ.STK KABELDOOS3640 16mm3525,316
0540,INZ.STK KABELDOOS3640 19mm3529,379
0541,MD4050 MULTIDOOS,15
0542,MT/2X 16-19MM Inzetstuk,437
05421,MT/1X 16-19MM Inzetstuk,642
0543,VERHOGINGSRING MD4050 4MM,51
0544,VERHOGINGSRING MD4050 6MM,27
0545,SPARINGSKEGEL 3550 16MM,40
0547,PG+MOER M16,810
0548,PG+MOER M20,1105
0549,PG+MOER M25,4067
0550,"PG 13,5 + MOER",3550
0554,PG 36,234
0555,PG 48,39
0556,PG+MOER M32,16
0557,PG+MOER M40,1410
0558,PG+MOER M50,263
0559,PG+MOER M63,242
0560,"MOER PG 13,5",5500
0561,MOER PG 16,305
0562,MOER PG 21,200
0564,MOER PG 36,11
0565,MOER PG 48,841
0568,CONEX STEEKKLEM 2-VOUDIG,1300
0569,CONEX STEEKKLEM 3-VOUDIG,13153
0570,CONEX STEEKKLEM 4-VOUDIG,12075
0571,CONEX STEEKKLEM 5-VOUDIG,11373
0574,LASDOPPEN 2-7.5 mm CONEX,2000
0575,LASDOPPEN 3.0-12.5 mm,5324
0576,LASDOPPEN 7.5-18.0 mm,2490
0577,LASDOPPEN 12-24 mm,3456
0580,KROONKLEMSTROOK 2.5-4 mm2,379
0582,KROONKLEMSTROOK  10 mm2,1
0583,KROONKLEMSTROOK  16 mm2,153
0584,KROONKLEMSTROOK  25 mm2,158
0600,PASMOER 16A,1585
0601,PASMOER 20A,31
0602,PASMOER 25A,547
0603,PASMOER 35A,15
0604,PASMOER 50A,26
0605,PASMOER 63A,1
0610,ZEKERING 16A,545
0611,ZEKERING 20A,1311
0612,ZEKERING 25A,529
0613,ZEKERING 35A,899
0614,ZEKERING 50A,997
0615,ZEKERING 63A,1348
0620,KOP K2,303
0621,KOP K3,176
0624,KSV PATRONEN   25A NH 00,53
0625,KSV PATRONEN   35A NH 00,127
0626,KSV PATRONEN   50A NH 00,1
0627,KSV PATRONEN   63A NH 00,15
0628,KSV PATRONEN   80A NH 00,84
0630,KSV PATRONEN 125A NH 00,54
0631,KSV PATRONEN 160A NH 00,17
0635,KSV PATRONEN  63A NH 1,98
0636,KSV PATRONEN  80A NH 1,52
0637,KSV PATRONEN 100A NH 1,110
0638,KSV PATRONEN 125A NH 1,67
0639,KSV PATRONEN 160A NH 1,72
0640,KSV PATRONEN 200A NH 1,7
0641,KSV PATRONEN 224A NH 1,62
0643,KSV PATRONEN 315A NH 1,2
0644,KSV PATRONEN 355A NH 1,41
0645,KSV PATRONEN 400A NH 2,7
0646,KSV PATRONEN 630A NH 3,13
0660,JSL STEEKKLEM 2 VOUDIG,143
0663,JSL STEEKKLEM 5 VOUDIG,4
0700,ATT UNIVERSELE LASDOOS 1619,339
0702,ATT MONTAGEDEKSEL 1X WCD 1622,64
0703,ATT MONTAGEDEKSEL 2X WCD 1623,135
0706,ATT EINDOOS 2033,435
0707,ATEMA U 50 INBDOOS 16-19-20MM,313
0708,ATEMA TUIT 2X16/19/20 U 50,579
0709,ATEMA AFDEK PLAAT U 50,186
0715,ATT KABELDOOS IP65M20/M25 2501,61
0815,,804
0990,PICKENS VOLTAGE PROTECT 120V,5
0991,USB VOLTAGE PROTECTOR PICKENS,1
0992,STRAP 2 PORTMOD-5522-5EW DECOR,185
0993,ADAPTOR F SERIE COAX 5552-5EW,86
0995,F-CONNECTOR 2078-T6,51
0996,CUBE TAP 3 OUTLET 1482W,19
0997,6 OUTLET 1146W-SP,9
0998,3 OUTLET 1192W-SP,56
1000,SCHAK AM WIS  DUB 276W,243
1001,5 BTTN  TIMER 127V PT18M-W,10
1002,SCHAK AM ENK POL 271W,193
1005,SCHAK AM WIS INB         1303W,98
1008,SCHAK AM DUB DECO       7728W,88
1009,SCHAK AM TRI DECO        7729W,388
10090,SCHAK DUB  WISSEL DECO 7731W,128
10092,SCHAK AM KRS DECO        7504W,41
10093,SCHAK AM ENK-WIS 7732W,114
1010,DIMMER SCHUIF  SI061W / 6422,271
10100,UNIV DEC DIMMER LED DUL 06,5
10101,DIMMER  WISS SI06P-W /SUL06P-W,122
1012,SCHAK AM WIS            923V,12
1014,SCHAK  2P 30A      3032 FW,24
1015,SCHAK DECO COMB &WCD 7730W,240
1016,SCHAK AM WIS DECO        6303V,3
1018,DIMMER 1000W             1000,36
1019,DIMMER SCHUIF DUB LEV6628W,49
1020,COM SCHAK & WCD 127v -TR274W,84
1021,WCD AM INB D R/A DEC  1107W,207
1023,WCD AM INB D 220V DEC 6662W,1
1024,WCD AM INB DUB  R/A       270W,233
1025,WCD AM INB EN 220V R/A 1876W,156
1026,USB Charging station 7750W,66
1027,WCD AM INB AARDL BEVXGF15,65
1028,WCD AM INB 127 ENK DEC TR6250W,78
1029,WCD AM INB 127 ENK LED TR7735W,5
1030,WCD AM OPB DUB R/A         78W,1007
1031,WCD AM INB ENK USB PORT TR7740,185
1032,FAN/DIM COMB SDC15-W,14
1033,FAN CNTL SLD 3-WAY SFS15P-W,19
1034,WCD AM INB DUB R/A DEC 1107V,500
1036,WCD AM INB 220V R/A     1876V,1036
1038,WCD AM OPB DUB R/A         78V,2045
1039,WCD AM OPB DUB 220V R/A  74V,304
1100,WALLPLATE AM SW (INB) 2134W,373
1101,WALLPLATE AM ENK SW  2951WDISC,39
1102,WALLPLATE AM DUB SW 2952W DISC,36
1103,WALLPLATE AM TRI SW   2953W,215
1104,WALLPLATE AM BLD         2129W,50
1105,WALLPLATE AM BLD 2G  2037W,50
1106,WALLPLATE AM ENK RP  2131W,292
1107,WALLPLATE AM DUB RP 2132W,150
1108,WALLPLATE AM D RP 2-V  2150W,104
1109,WALLPLATE AM DECO 2151W,130
1110,WALLPLATE AM DECO 2-V 2152W,43
11101,WALLPLATE DECO BLIND 2160W,500
111010,WALLPL AM ASPIRE 2-V 9522WS,4
111011,WALLPL AM ASPIRE 3-V 9523WS,53
111012,WALLPL AM ASPIRE 4-V 9524WS,27
111013,WALLPL AM ASPIRE 5-V 9525WS,2
11102,DECO TEL CONN  3560-4W,105
11103,DECO COAX CONN 2162W,100
11107,WALLPLATE AM DECO 4-V 2164W,40
11108,WALLPLATE AM DECO 5-V 2165W,46
1111,WALLPLATE AM TELPH. C 3532-4W,210
1112,WALLPLATE AM COAX C 1172W,139
1113,DECO AM PHON/ANTENE 3562W,90
1114,WALLPLATE AM SW (INB)    2134V,125
1115,WALLPLATE AM ENK SW  951V,105
1116,WALLPLATE AM DUB SW   952V,71
1117,WALLPLATE AM TRI SW       953V,282
1118,WALLPLATE AM BLD        2129V,53
1119,WALLPLATE AM BLD 2G     2037V,150
1120,WALLPLATE AM ENK RP 2131V,444
1121,WALLPLATE AM DUB RP 2132V,206
1122,WALLPLATE AM D RP 2-V  2150V,77
1123,WALLPLATE AM DECO        2151V,150
1126,WALLPLATE AM DUB WD S1962 W-SP,109
1127,WALLPLATE AM DUB WD S2966 W-SP,279
1128,WALLPLATE AM DUB WD S2962 W-SP,251
1131,WALLPLATE AM DUB WD  S1962,112
1132,WALLPLATE AM DUB WD S2962 GRAY,241
1133,WALLPLATE AM DEC WD S2966 GRAY,88
1134,WALLPLATE AM BLD WD       1987,14
1135,WALLPLATE OPEN 5/8,86
1136,STEKKER 20A 125V  2363,19
1137,CONTRA STEKKER 2353,22
1138,STEKKER 20A 125/250V 2465,10
1139,CONT STEKKER 20A 125/250V 2455,11
1140,STEKKER AM             1912W,3
1141,STEKKER AM                183W,108
1142,STEK RUB P/A 127V         1709,669
1143,STEK RUB P/A  15A 220V  4866,121
1144,STEKKER 1723,63
1145,CONTRA STEKKER AM     86W,54
1146,CONT STEKKER RUB P/A 127V  222,66
1147,CONT STEKKER RUB P/A 220V 4227,59
1148,"INB.DOOS PLASTIC 2x4""GEEL",1200
11480,"INB.DOOS PLASTIC 2x4"" WIT",172
11481,INB.DOOS PLASTIC 4x4 WIT,325
11482,DEKSEL DOOS PLASTIC 4x4 WIT,1066
1149,"INB.DOOS PLASTIC 4x4""-CARLON",846
11491,Cover INB.D PLAST 4X4  1G A410,1805
11492,"DEKSEL INB.D PLASTIC 4X4"" DUB",50
1150,"INB DOOS AM 2x4""",2339
1151,"INB DOOS AM 4x4""",2461
1152,"DEKSEL INB DOOS AM 4x4"" 4150",3391
1153,"DEKSEL INB DOOS AM 4x4"" 2-VOUD",785
1154,INB D CARLON 2X4 PLASTIC,122
11541,INB D CARLON GIPS 2X4 PLASTIC,25
1157,3 GANG BOX METAAL MSB-3,8
1158,4 GANG BOX METAAL MSB-4,31
1159,5 GANG BOX METAAL MSB-5,42
1160,PHOTOCEL 127 VOLT A-105W,64
1161,PHOTOCEL 220 VOLT A-1068W,47
1196,WCD EUR ENK R/A OPB WD KOPP,11
1197,SCHAK EUR WIS OPB KOPP,11
1198,SCHAK EUR ENK OPB KOPP,53
119801,BERKER COMB SCH/SCHUKO 437605,10
1199,BERKER SERIE OPB 307805 IP44,20
1201,BERKER WIS OPB 67307905 IP44,5
1202,BERKER SERIE OPB 61300849,36
1211,SCHAK EUR DUB POL  OPB WD,35
1213,SCHAK EUR WIS TREK OPB WD,18
1216,"TREKKOORTJE  1,9 mtr",101
1218,TIMER 250V/50Hz WHITE,8
1221,WCD EUR DUB        OPB,7
1223,KOPP WCD EUR DUB R/AOPB 74108,218
1227,EUR CONVERTER PLUG  125V,41
1230,STEKKER WIT,155
1233,CONTRA STEKKER,54
1234,CONTRA STEKKER R/A,31
1236,CONTRA STEK R/A RUBBER HSKP16G,7
1237,VERLOOP STEKKER PEN PL 695,100
1238,STEKKER WIT vinckier,50
1239,TUSSEN SCHAKELAAR 939,23
1240,VERLOOP STEKKER PEN RO 104,14
1241,VERLOOP STEKKER PEN PL 103,1
1242,VERLOOP STEKKER PEN RO 686,525
1243,*******CEE-FORM STEKK 16A-3P+A,38
12431,CEE-FORM STEKKER 2P+E16A-02101,18
1244,******CEE-FORM STEKK 32A -3P+A,1
12441,CEE-FORM STEKKER 3P+E16A-03102,20
1245,******CEE-FORM STEKK 63A -3P+A,115
12451,CEE-FORM STEK 3P+N+E 16A-03103,32
1246,CEE-FORM STEK 2P+E 32A-02104,40
1247,CEE-FORM STEK 3P+E 32A-03105,13
1248,CEE-FORM STEK 3P+N+E 32A-03106,30
1249,CEE-FOR STEK 2P+E16A IP67-2601,40
1250,***CEE-FORM STEKK 16A - 3P+N+A,2
12501,CEE-FOR STEK3P+E 16A IP67 3602,33
12511,CEE-FORM STEK 3P+N+E 16A 03603,35
1252,*****CEE-FORM STEKK 63A-3P+N+A,11
12521,CEE-FORM STEK 2P+E 32A 02604,12
1253,CEE-FORM STEKK 125A - 3P+N+A,4
12531,CEE-FORM STEK 3P+E 32A 03605,45
12532,CEE-FORM STEK 3P+N+E 32A 3606,15
12533,CEE-FORM STEK 3P+E 63A  03652,23
12535,CEE-FORM STEK 3P+E 125A 03655,18
1254,*******CEE-FORM WCD 16A-3P+N+A,2
12541,CEE-FORM -WCD 2P+E 16A-02321,16
12551,CEE-FORM WCD 3P+E 16A-03322,27
1256,******CEE-FORM WCD 63A -3P+N+A,11
12561,CEE-FORM WCD 3P+N+E 16A-03323,24
1258,*******CEE-FORM WCD 16A - 3P+A,23
12581,CEE-FORM WCD 3P+E 32A-3325,25
1259,*******CEE-FORM WCD 32A - 3P+A,5
12591,CEE-FORM WCD 3P+N+T 32A-03326,40
1260,*******CEE-FORM WCD 63A - 3P+A,48
12601,CEE-FORM WCD 2P+E 16A -02821,23
126010,CEE-FORM WCD 3P+N+E 125A 03876,13
12602,CEE-FORM WCD 3P+E 16A -03822,9
12603,CEE-FORM WCD 3P+N+E 16A 03823,13
12604,CEE-FORM WCD 2P+E 32A 02824,1
12605,CEE-FORM WCD 3P+E 32A -03825,19
12606,CEE-FORM WCD 3P+N+E 32A 03826,7
12607,CEE-FORM WCD 3P+E 63A 03872,18
12608,CEE-FORM WCD 3P+N+E 63A 03873,1
12609,CEE-FORM WCD 3P+E 125A 03875,17
1261,CEE-FORM CONN 2P+E 16A-02201,33
1262,CEE-FORM CONN 3P+E 16A-03202,30
1263,CEE-FORM CONN 3P+N+E 16A-03203,13
1264,CEE-FORM CONN 2P+E 32A-02204,21
1265,******CEE-FORM CONN 32A -3P +A,34
1266,*****CEE-FORM CON 32A -3P+N+A,29
1267,*****CEE-FORM CONN 63A -3P + A,30
1269,CEE-FORM CONN 3P+E 32A-03205,28
1270,CEE-FORM CONN 3P+N+T 32A-03206,34
1271,CEE-FORM CONN 2P+E 16A 02701,28
1272,CEE-FORM CONN 3P+E 16A 03702,13
1273,CEE-FORM CONN 3P+N+E 16A 03703,19
1274,CEE-FORM CONN 2P+E 32A 02704,21
1275,CEE-FORM CONN 3P+E 32A 03705,14
1276,CEE-FORM CONN 3P+N+E 32A 03706,18
1277,CEE-FORM CONN 3P+E 63A 03752,19
1279,CEE-FORM CONN 3P+E 125A 03755,22
1280,CEE-FORM CONN 3P+N+E125A 03756,10
1281,CEE-FORM SCH-WCD 2P+E 16A-0236,22
1282,CEE-FORM SCH-WCD2P+E 16A 02831,12
1283,CEE-FORM SCH-WCD3P+E 16A-03362,16
1284,CEE-FORM SCH-WCD 3P+E16A 03832,9
1285,CEE-FORM WCD 3P+N+E 16A-03363,22
1286,CEE-FORM WCD 3P+N+E 16A 03833,17
1287,CEE-FORM WCD 2P+E 32A -02364,21
1288,CEE-FORM WCD 2P+E 32A 02834,21
1289,CEE-FORM WCD 3P+E 32A 03365,21
1290,CEE-FORM WCD 3P+E 32A 03835,12
1291,CEE-FORM WCD 3P+N+E 32A-03366,17
1292,CEE-FORM WCD 3P+N+E 32A-03836,7
1293,CEE-FORM WCD 3P+E 63A-03882,9
1294,CEE-FORM WCD 3P+N+E 63A 03883,1
1298,UNIMAX KLEM 16/4-16 mm,79
1299,UNIMAX KLEM 35/4-35 mm,54
1300,UNIMAX KLEM 25/4-25 mm,42
1301,UNIMAX KLEM 50/10-50 mm,153
1302,BADKAMER RAIL 6x6+1x25 mm,175
1303,BADKAMER RAIL 5x6+1x25 mm,106
1304,AARDRAIL VERN 12 X 3 MM,18
1305,AARDRAIL VERN 15 X 4 MM,6
1306,AARDRAIL VERN 20 X 5 MM,20
1307,AARDRAIL 63AMP BLANK KOPER,4
1309,"AARDKLEM 1/8""",135
1310,"AARDKLEM 1/4""",334
1311,"AARDKLEM 3/8""",169
1312,"AARDKLEM 1/2""",591
1313,"AARDKLEM 3/4""",42
1314,"AARDKLEM  1 """,202
1315,VERBINDING RAIL 1x6+1x25 mm,20
1316,VERBINDING RAIL 2x6+1x25 mm,524
1317,MUURBLOK 50 MM2,89
1320,AARDDRAAD BC  6 mm2,300
1321,AARDDRAAD BC 10 mm2,100
1322,AARDDRAAD BC 16 mm2,100
1323,AARDDRAAD BC 25 mm2,100
1324,,2
1327,MOERKLEM APC 10/6,140
1328,MOERKLEM APC 16/16,179
1329,MOERKLEM APC 25/25,191
1330,MOERKLEM APC 35/35,161
1331,MOERKLEM APC 50/50,193
1333,MOERKLEM APC 50/70,1500
1334,,218
1335,KOPPELING LEH-34,307
1336,AARDKLEM 3/4 Brass,129
1351,HOUTSCHR IJZ 3.5x25 (1x6),102
1353,HOUTSCHR IJZ 4.0x25 (1x8),222
1354,HOUTSCHR IJZ 4.0x40 (1 1/2x8),5000
1360,SPAANPLAAT SCHR.3.5x25 (1x6),330
1361,SPAANPLAAT SCHR.4.0x20 (3/4x8),360
1362,SPAANPLAAT SCHR.3.9x25 (1x8),8240
1363,SPAANPLAAT SCHR.4.0x35(11/4x8),4160
1365,SPAANPLAAT SCHR.3.5x45,120
1370,RAWPLUGS S5,1200
1372,RAWPLUGS S8,4100
1375,"RAWPLUGS  WIT   (5x25mm-1"")",2560
1376,"RAWPLUGS ROOD (6X25mm-1"")",2734
1377,RAW PLUGS GROEN (7x35mm-1.1/2),1622
1378,RAWPLUGS  BLAUW (8x35mm-1.1/2),1200
1399,BERKER WIPSCHA 2X/WIS 61303808,81
1402,BERKER WCD  220V INB WD 471509,9
1403,BERKER WCD 127V  INB  WD 4202,31
1404,BERKER WIPPENSCHAK 3x1P 633023,130
1405,BERKER WIPSCHA UIT/WISS 613036,104
1406,BERKER WIPSCHAK SERIE 613035,162
1407,BERKER WIPSCHAK  2P 613032,262
1408,BERKER WIPSCHAK  KRUIS 613037,116
1409,BERKER UNIV DRAAI DIMM  286110,3
1410,DRAAI DIMM DRUK/UIT 283010,55
1411,BERKER AFDEKRAAM 1V  10118989,6
1412,BERKER AFDEKRAAM  2V  10128989,16
1413,BERKER AFDEKRAAM  3V  10138989,58
1414,BERKER AFDEKRAAM  4V  10148989,12
1415,BERKER AFDEKRAAM  5V  10158989,129
1416,BERKER AFDEKPL SCHAK 16208989,33
1418,BERKER AFDEKPL SERIE 16238989,100
14180,BERKER AFDPL SCHAK 3P 16658989,62
1419,BERKER KNOP DRAAIDIMM 11378989,28
1420,BERKER AFDEKRAAM 1V WD 132809,104
1421,BERKER AFDEKRAAM  2V WD 132909,30
1425,BERKER TOERENTAL  REGEL 296801,22
1426,BERKER KNOP TOER-REG 11378929,20
1427,BERKER CENTR-STK DATA 11818989,132
1428,BERKER DRAAGPL 2-V DATA 454105,99
1429,BERKER-UNI DRAAI DIMM 286210,6
1430,BERKER AFDICHTFLENS  V WD 1884,181
1472,BERKER SCHAK WIS OPB  61300649,1
1473,BERKER SCHAK 2P OPB  61300249,21
1475,BERKER WCD OPB  220V  WD424005,9
1478,BERKER SCHUKO-DUBB 6147548989,55
1480,BERKER DUBB SCHUKO IP44 427505,35
1481,JALOEZIE SLEUTELSCHAK 327205,1
1496,OPBOUW KAST 2 MOD 610090,5
1497,OPBOUW KAST 4 MOD 610091,18
1506,OPBOUWKAST 2-RIJ 36PE 610285,1
1507,OPBOUWKAST4-RIJ VA 424 T 48PE,2
1508,INB DOOS CT536 (323 X 518 X60),24
1509,INB DOOS CT110 (108 X 108 X50),98
15091,INB DOOS CT114 (168 X 117 X50),147
15092,INB DOOS CT220 (217 X 217 X57),22
15093,INB DOOS CT225 (250 X 250 X65),17
15094,INB DOOS CT326 (222 X 318 X60),11
15095,INB CT338 (404 X 404 X120),2
1510,INBOUWKAST 1-RIJ BLD 610372,2
1511,INBOUWKAST 2-RIJ  28MOD 610373,8
15140,OPB.KAST WD 12MD CDN12PT/RR,21
15141,OPBOUW KAST WD CS13PT/RR,4
15142,OPBOUW KAST WD CSG13PT/RR,9
15143,OPB.KAST WD 24MD CDN24PT/RR,38
15144,OPB.KAST WD 36MD CDN36PT/RR,22
15145,OPB.KAST WD 54MD CDP54 PT/RR,29
15146,OPB.KAST WD 18MD CDP 18PT/RR,18
15147,OPB.KAST WD 36MD CDP 36PT2F/RR,2
1519,OPB.KAST 3-RIJ WD 36MOD 610318,5
1520,"GE AUTO 16A, 3P-2MOD C  UNIBIS",11
1521,"GE AUTO 20A, 3P-2MOD C  UNIBIS",48
1522,"GE AUTO 25A, 3P-2MOD C  UNIBIS",41
1523,"GE AUTO 25A, 4P-2MOD C  UNIBIS",93
1524,"GE AUTOMAAT 6A, 2P B  UNIBIS",6
1525,"GE AUTOMAAT 6A, 1P+N B  UNIBIS",37
1526,"GE  AUTOMAAT 40A, 2P C-KAR",5
1529,"GE SCHAKELAAR  80A, 4POL",8
1532,"GE SCHAKELAAR 100A, 4POL",36
1533,"GE SCHAKELAAR 125A, 4POL",1
1535,"GE AARDLEKSCHAKELAAR 63A, 30mA",7
1536,"GE AARDLEKSCHAKEL 40A, 300mA",18
1537,"GE AARDLEKSCHAKEL 63A, 300mA",1
1540,GE AARDLEKSCHAK.40A-30mA 2-P,34
1543,"GE  AUTOMAAT 25A, 1P+N C-KAR",92
1549,"GE  AUTOMAAT 16A, 2POL B-KAR",248
1550,"GE  AUTOMAAT 20A, 2POL B-KAR",36
1552,"GE  AUTOMAAT 20A, 1P+N B-KAR",31
1553,"GE  AUTOMAAT 25A, 1P+N B-KAR",181
1554,"GE  AUTOMAAT 16A, 1P+N C-KAR",210
1555,"GE  AUTOMAAT 20A, 1P+N C-KAR",12
1556,"GE  AUTOMAAT 32A, 1P+N C-KAR",29
1557,"GE  AUTOMAAT 16A, 2POL C-KAR",1
1560,"GE  AUTOMAAT 32A, 2POL C-KAR",2
1561,"GE  AUTOMAAT 16A, 3POL C-KAR",9
1562,"GE  AUTOMAAT 20A, 3POL C-KAR",51
1563,"GE  AUTOMAAT 25A, 3POL C-KAR",3
1564,"GE  AUTOMAAT 32A, 3POL C-KAR",39
1565,"GE  AUTOMAAT 40A, 3POL C-KAR",9
1566,"GE AUTOMAAT 50A, 3POL C-KAR",57
1567,"GE  AUTOMAAT 63A, 3POL C-KAR",26
1569,"GE  AUTOMAAT 32A, 3P+N C-KAR",8
1570,"GE  AUTOMAAT 40A, 3P+N C-KAR",41
1571,"GE  AUTOMAAT 50A, 3P+N C-KAR",30
1574,"GE  AUTOMAAT 100A, 3P+N C KAR",13
1575,"GE  AUTOMAAT 125A, 3P+N C-KAR",4
1576,"GE  AUTOMAAT 16A, 3P+N C-KAR",7
1577,"GE  AUTOMAAT 20A, 3P+N C-KAR",22
1578,"GE  AUTOMAAT 16A, 3P+N B-KAR",16
1580,GALAX Q22 TIJDKLOK 2 KANAL,3
15801,GALAX Q21 TIJDKLOK 1 KANAL,2
15802,GALAX Q11 TIJDKL 1 KANAL 1MOD,9
1591,VERB-KAM 0,54
1594,JSL VERDEELBLOK 160 A 160134BD,1
1595,GE RELAY 2P 20 A,96
15951,GE RELAY 4P 24 A,6
15952,GE RELAY 4P 40 A,55
15953,RCBO C/DM60 A 16/030//012,3
15958,HANDLE L ZW D4  400A,22
15959,FE250-Breaker-36kA FEV46TA250K,1
15962,RCBO C/DM60 A 25/030//012,2
15963,RCBO C/DM60 A 25/300//012,2
15965,RCBO C/DM60 A 20/030//012,2
15967,G60   1P+N   6A  C   /012  GE,6
15971,FEBSS4-Terminal SpreaderFlat-4,1
15972,3 MOD NET ANALY 665010,3
15975,FG-TERMINAL 400/630 431982,1
15976,LOADBREAK SWITCH DILOS 3 630A,0
15977,ROTARY HANDLE 730667,0
15978,MANDO ROT 436476,0
15982,GE 436506 MANDO ROT,1
15984,GE 433413 FG-TERMINAL,8
1611,OPB.KAST OLINTHOS 2RIJ 24 PE,22
1612,OPB.KAST OLINTHOS 3RIJ 36 PE,2
1627,PLP4080,5
1628,ZCL 1040,4
1629,TAPA 48642,1
1630,TCF4040,4
1632,TCA6080,10
1633,PACKSUP S144P200,1
1634,PACKSUP S120P200,6
1635,PACK SUP S96P200,4
16351,PACK SUP S72P200,2
1637,ZCL 1080,1
1639,PACK UNION 48112,2
1640,KIT SUJECION 48156 DINRAIL,10
1642,TMA3080,10
1643,PMB400,6
1644,PLP3080,1
1645,TCA4080,0
1649,OPBOUWKAST IDE ARM.40COM72,2
1650,IDE RAIL SOPORT 160-400A 48454,12
1651,RAIL COPPER 30X10X2000 48803,8
16510,RAIL COPPER 20X5X1000 48794,10
1652,IDE AARDE 48452 KIT TIERRA,6
1653,OPBOUWKAST IDE ARM.40COM96,5
1654,OPBOUWKAST IDE ARM.40COM120,7
1655,OPBOUWKAST IDE ARM.40COM144,29
1656,MOELLER OPB BF-0-4/96,8
1657,MOELLER OPB BF-0-5/120,3
1658,MOELLER OPB BF-0-6/144,3
1659,MOELLER OPB BF-0-3/72,8
1661,MOELLER INB BF-U-5/165,2
1664,MOELLER INB BF-U-4/96,9
1665,MOELLER INB BF-U-5/120,2
1666,MOELLER INB BF-U-6/144,5
1699,ETI AFDEK STROOK 2911003,372
1700,ETI 2423423 SCHAKELAAR 4P 40A,9
1701,ETI 2423414 SCHAKELAAR 4P 63A,27
1702,ETI 2423415 SCHAKELAAR 4P 80A,50
1703,ETI 2423416 SCHAKELAAR 4P 100A,36
1704,ETI 2423417 SCHAKELAAR 4P 125A,39
1705,ETI AARDLEKSCH 4P 40A 30 mA,16
1706,ETI AARDLEKSCH 4P 63A 30 mA,58
1707,ETI AARDLEKSCH 4P 40A 300mA,40
1708,ETI AARDLEKSCH 4P 63A 300 mA,34
1709,ETI  AUTOMAAT6KA 6A 1P+N BKAR,6
1710,ETI  AUTOMAAT6KA 16A 1P+N BKAR,56
1711,ETI  AUTOMAAT6KA 16A 1P+N CKAR,33
1712,ETI  AUTOMAAT6KA 20A 1P+N CKAR,20
1713,ETI  AUTOMAAT6KA 25A 1P+N CKAR,18
1714,ETI  AUTOMAAT6KA 50A 1P+N CKAR,18
1715,ETI AUTOMAAT 6KA 1P+N 25A B,13
1716,ETI AUTOMAAT 6KA 2P 16A CKAR,4
1717,ETI AUTOMAAT 6KA 2P 16A B KAR,20
1718,ETI AUTOMAAT 6KA 2P 20A CKAR,23
1719,ETI AUTOMAAT 6KA 2P 25A CKAR,60
1720,ETI AUTOMAAT 6KA 3P 16A CKAR,12
1721,ETI AUTOMAAT 6KA 3P 20A C KAR,27
1722,ETI AUTOMAAT 6KA 3P 25A C KAR,14
1723,ETI AUTOMAAT 6KA 3P 32A C KAR,25
1724,ETI AUTOMAAT 6KA 3P 40A CKAR,20
1725,ETI AUTOMAAT 6KA 3P 50A CKAR,20
1726,ETI AUTOMAAT 6KA 3P 63A CKAR,33
1727,ETI AUTOMAAT 6KA 3P+N 16A BKAR,2
1728,ETI AUTOMAAT 6KA 3P+N 16A CKAR,178
1730,ETI AUTOMAAT 6KA 3P+N 32A CKAR,4
1731,ETI AUTOMAAT 6KA 3P+N 40A CKAR,20
1732,ETI AUTOMAAT 6KA 3P+N 50A CKAR,27
1733,ETI AUTOMAAT 6KA 3P+N 63A CKAR,52
1734,ETI AARDLEK AUTOM 1P+N16A B 30,20
1735,ETI AARDLEK AUTOM 1P+N16A C 30,17
1736,ETI AUTOMAAT 6KA 3P+N 20A CKAR,330
1737,ETI AUTOMAAT 6KA 3P+N 6A BKAR,2
1738,ETI AUTOMAAT 6KA 3P+N 6A CKAR,5
1739,ETI AUTOMAAT 6KA 2P 32A CKAR,43
1740,ETI AUTOMAAT 6KA 2P 40A CKAR,41
1741,ETI AUTOMAAT 6KA 2P 6A B KAR,496
1742,ETI  AUTOMAAT6KA 32A 1P+N CKAR,9
1743,ETI  AUTOMAAT15KA 80A 3P+N C,17
1744,ETI  AUTOMAAT15KA 100A 3P+N C,23
1745,ETI  AUTOMAAT15KA 125A 3P+N C,25
1746,ETI 2421311 OMSCHAKELAAR 16A,24
1747,ETI  CRM-91 H TIJD RELAY,7
1748,ETI TIJDKLOK SHT 1 KANAL 230V,14
1749,ETI TIJDKLOK SHT 2 KANAL 230V,20
1750,ETI  MAGNEET SCHAKELAAR 2P 20A,67
1751,ETI  MAGNEET SCHAKELAAR 4P 25A,61
1752,ETI MAGNEET SCHAKELAAR 4P 40A,26
1753,ETI  MAGNEET SCHAKELAAR 4P 63A,95
1755,ETI AARDLEK AUTOM 2P B16 30MA,47
1758,ETI AARDLEK AUTOM 2P C25 30MA,68
1761,ETI VERMOGENS AUTOM EB 400/4S,2
1765,ETI AARDLEKSCH 4P 80A 30 mA,9
1766,ETI AARDLEKSCH 4P 100A 30 mA,15
1767,ETI AARDLEKSCH 4P 80A 300 MA,9
1768,ETI AARDLEKSCH 4P 100A 300 MA,6
1769,ETI  AUTOMAAT6KA B40 1P B KAR,40
1770,ETI AARDLEKSCH 4P 100A 100 mA,3
1771,ETI 2444005 TNC-S 25/100 4+0,10
1772,ETI 4671147 SHUNTDA2 AC200-240,5
1773,ETI 4671149 SHUNT DC 24V,5
1774,ETI 4671153 UNDERV AC 200-240,5
1775,ETI 4671155 UNDERV DC 24V,1
1777,ETI 2159301 DA ETIMAT 10 230V,20
1778,ETI 2159312 DA ETIMAT 10 24V,18
1779,ETI AARDLEKSCH 4P 40A 100 mA,3
1784,ETI AARDLEK AUTOM 1P+N25A C 30,6
1786,ETI  HULPCONTACT BLOK BCXMLE11,1
1788,ETI  4804051 KWH METER 3X63A D,2
1800,CA-32 CAJA VACIA TAPA TRANSPAR,1
1801,CA-33 CAJA VACIA TAPA TRANSPAR,2
1802,CA-43 CAJA VACIA TAPA TRANSPAR,5
1804,CA-63 CAJA VACIA TAPA TRANSPAR,26
1805,CA-64 CAJA VACIA TAPA TRANSPAR,9
1806,CA-66 CAJA VACIA TAPA TRANSPAR,16
1808,CA-86A CAJA VACIA TAPA TRANSP,13
1809,PP-32 PLACA POLIESTER PP-32,12
1810,PP-33 PLACA POLIESTER PP-33,19
1811,PP-43 PLACA POLIESTER PP-43,31
1812,PP-44 PLACA POLIESTER PP-44,26
1813,PP-63 PLACA POLIESTER PP-63,39
18131,PP-64 PLACA POLIESTER PP-64,46
1814,PP-66 PLACA POLIESTER PP-66,27
1815,PP-84 PLACA POLIESTER PP-84,16
1816,PP-86 PLACA POLIESTER PP-86,0
1817,CU-32 CAJA CUERPO CA-32,21
1818,CU-33 CAJA CUERPO CA-33,15
1819,CU-44 CAJA CUERPO CA-44,28
1820,CU-43 CAJA CUERPO CA-43,22
1821,CU-63 CAJA CUERPO CA-63,39
18211,CU-64 CAJA CUERPO CA-64,49
1822,CU-66 CAJA CUERPO CA-66,15
1824,CU-86 CAJA CUERPO CA-86,5
1825,TT-32-CJ TAPA POLICARB.TRANSP.,11
1826,TT-33-CJ TAPA POLICARB.TRANSP.,26
1827,TT-43-CJ TAPA POLICARB.TRANSP.,20
1828,TT-44-CJ TAPA POLICARB.TRANSP.,50
1829,TT-63-CJ TAPA POLICARB.TRANSP.,18
1830,TT-64-CJ TAPA POLICARB.TRANSP.,44
1831,TT-66-CJ TAPA POLICARB.TRANSP.,26
1832,TT-84A-CJ TAPA POLICARB.TRANSP,10
1833,TT-86A-CJ TAPA POLICARB.TRANSP,26
1834,TO-32-CJ TAPA POLICARB.OPACO C,12
1835,TO-33-CJ TAPA POLICARB.OPACO C,53
18351,TO-43-CJ TAPA POLICARB.OPACO C,17
1836,TO-44-CJ TAPA POLICARB.OPACO C,8
1837,TO-63-CJ TAPA POLICARB.OPACO C,44
1838,TO-66-CJ TAPA POLICARB.OPACO C,18
1839,TO-84A-CJ TAPA POLICARB.OPACO,24
1840,TO-86A-CJ TAPA POLICARB.OPACO,16
1841,CHASSIS CA-33-1 EN KIT,99
1842,CHASSIS CA-43-1 EN KIT,60
1843,CHASSIS CA-44-1 EN KIT,24
1844,CHASSIS CA-63-1 EN KIT,40
1845,CHASSIS CA-64-1 EN KIT,37
1846,TC-02-CJ TAPA CIEGA C/JUNTA,25
1847,TC-03-CJ TAPA CIEGA C/JUNTA,33
1848,TC-04-CJ TAPA CIEGA C/JUNTA,57
1849,BA-20-CJ BRIDA ACOP.C/JUNTA,16
1850,BA-30-CJ BRIDA ACOP.C/JUNTA,125
1851,BA-40-CJ BRIDA ACOP.C/JUNTA,102
1852,CC-03-CJ CAJA CABLES CIEGA,52
1853,CC-04-CJ CAJA CABLES CIEGA,27
1854,RE-63 REGRUESO PARA CA-63,10
1855,RE-64 REGRUESO PARA CA-64,80
18551,RE-66 REGRUESO PARA CA-66,1
1856,BRES-325 ARMARIO VACIO NORMAL,4
1857,BRES-43 ARMARIO VACIO NORMAL,15
18571,BRES-54 ARMARIO VACIO NORMAL,12
1858,BRES-64 ARMARIO VACIO NORMAL,3
1859,BRES-65 ARMARIO VACIO NORMAL,9
1860,BRES-86 ARMARIO VACIO NORMAL,3
1862,ART-107 ARM.TEJADILLO 1000X750,3
18631,PBM-325 PLACA METALICA,4
1864,PBM-43 PLACA METALICA,13
18641,PBM-54 PLACA METALICA,10
1865,PBM-64 PLACA METALICA PBM-64,15
1866,PBM-65 PLACA METALICA PBM-65,14
1867,PBM-86 PLACA METALICA PBM-86,7
1868,CHM-325 CHASIS MODULAR BRES,3
1869,CHM-43 CHASIS MODULAR BRES,5
18691,CHM-54 CHASIS MODULAR BRES,12
1870,CHM-64 CHASIS MODULAR BRES,2
1871,CHM-65 CHASIS MODULAR BRES,5
1872,CHM-86 CHASIS MODULAR BRES,3
1873,PMM-75 PLACA MONT.ART75,5
1874,PMM-107 PLACA . PARA ART 107,5
1878,CR-350 CAJA REPART.CABLE 50MM,1
1879,CR-395 CAJA REPART.CABLE 95MM,2
1880,DV-M DISPOSITIVO VENTILACION,6
1881,DV-G DISPOSITIVO VENTILACION G,11
1882,OFC-4000 OREJA FIJACION  CAJA,39
1883,TFT-400 TORNILLO PARA CAJA,107
1884,TFT-400M TONILLO MANUAL,87
1885,HH 1042705 C-PROFIEL,12
1886,OFM-14 OREJA FIJACION MURAL 4U,42
1887,HH1021489 RAILSTEUN 15X8MM,50
18871,HH1021487 RAILST 15X4 R430/4,26
1888,HH1021489 RAILSTEUN 15X16MM,25
18881,HH1021490 RAILST 15X24 R430/24,11
18892,HH1763916 AFTAKSTRIP 250 NUL,8
1890,HH 1764.194 AFTAKSET DMV 400L,8
1891,HH 1764.249 AFTAKSET BOVEN N,8
1892,HH 1764.116 AFTAKSET DMV630L,11
1893,HH 1764.114 AFTAKSET DMV630NUL,12
1894,HH 1764.130 AFTAKSET DMV 1000L,1
1895,HH 1764.132 AFTAKSET 1000A NUL,1
1896,HH 1014.946 AFTAKBLOK 6X16MM,36
1897,HH 1014.316 RAILKOPPEL  A70/12,9
1898,HH 1014.317 RAILKOPPEL  A70/16,12
18981,HH1014761 AFTAKKLEM M6X30,45
1899,HH 1014.762 AFTAKKLEM 6X40,120
1901,HH 1014.764 AFTAKKLEM M6X60,172
1906,HH 1014.939 AARDRAILSET 219 MM,18
1907,HH 1014.940 AARDRAILSET 299 MM,17
1908,HH 1021.008 RUB INV.TULE10-60,65
1909,HH 1021.010 RUB INVTULE 12-80,54
1910,HH 1042.705 BEV.MUUR 85X23,3
1913,HH 1015.912 AANSL KLEM 1X95 M8,40
1914,HH 1015.913 AANSL KLEM 1X185,44
1915,HH 1015.914 AANSL KLEM 3X95,22
1920,RAILKOPER VERN 15X8MM,29
19201,RAILKOPER VERN 20X5MM,0
1921,HH1042253 OPVULSTRIP 20X45,4
1922,HH1021006 INV TULE PG21 E 62B,33
1923,HH1021007 INV TULE PG29 E62C,30
1924,HH1860736 EINDKAP UR403/4 15X4,45
1925,HH1860737 EINDKAP UR403/8 15X8,41
1926,HH1860738 EINDK UR403/16 15X16,14
19261,HH1860739 EINDK UR403/24 15X24,58
1927,DINRAIL TS35/F5 GEPERF-OMEGA,23
19271,PRONUTEC OPB.KAST 1000X750,2
19272,PRONUTEC OPB.KAST 1000X1000,1
1931,SCHAKELKAST&SCHAKELAAR 400A,2
1933,HOOFDSCHAKELAAR 125A S5000,5
1934,HOOFDSCHAKELAAR 160A INBUS,20
1935,HOOFDSCHAKELAAR 160A S5000,23
1936,HOOFDSCHAKELAAR 250A,3
1937,HOOFDSCHAKELAAR 400A,10
1938,HOOFDSCHAKELAAR 630A,7
1939,HOOFDSCHAKELAAR 800A,4
1940,HOOFDSCHAKELAAR 1000A,4
1941,PANELHANDLE 40A - 250A-DS-SA01,27
1942,DIRECT HANDEL 40A T/M 250A-CD,25
1943,DIRECT HANDLE 250A T/M 400A-CD,13
1944,PANEL HANDEL 250A T/M 400A-CD,8
1945,DIRECT HANDLE 400A T/M 800A-CD,6
1946,PANELHANDEL 500A 800A- DCCLA21,23
1947,EXTENDEDSHAFT 40A-250A L=187MM,24
1949,EXTENDEDSHAFT 250A-400A L=340,5
1950,DIRECT HANDLE 800A-1000A-CD,9
1951,PANELHANDEL 800A-1250A-DS-LA31,8
1952,EXTENDEDSHAFT 800A-1000A L=299,2
1954,OMSCHAKELAAR 63A 3P+N,16
1955,OMSCHAKELAAR 80A 3P+N,16
1957,OMSCHAKELAAR 160A 3P,4
1958,OMSCHAKELAAR 250A 3P+N,7
1959,OMSCHAKELAAR 400A 3P+N,12
1960,OMSCHAKELAAR 630A 3P+N,2
1961,DINRAIL KIT VOOR OMSCH 40A/16A,34
1962,DIRECT HANDLE 40A-200A-CD,10
1963,DIRECT HANDLE 200A-400A OMKEER,12
1964,DIRECT HANDLE 630A-800A OMKEER,24
1965,DOORVERBINDINGSET 40A T/M 80A,3
1966,DOORVERBINDINGSET 125AT/M200A,4
1967,EXTENDEDSHAFT 200A-1250A L=414,6
1968,SCHAKELAAR MESPATR INB 125A,7
1969,SCHAKELAAR MESPATR INB 160A,2
1970,SCHAKELAAR MESPATR INB 250A,5
1971,SCHAKELAAR MESPATR INB 400A,3
1972,SCHAKELAAR MESPATR INB 630A,4
1973,DIRECT HANDLE 125A-160A-M11,26
1974,DIRECT HANDLE 250A-630A-M21,3
1975,PANELHANDEL 125A-160A- DCELAB1,5
1976,PANEL HANDEL 250A-400A-M21,9
1977,PANEL HANDEL 630A-M21,1
1978,EXTENDEDSHAFT 40A-250A L=347MM,4
1979,EXTENDED SHAFT 250A-630A M21,3
1980,EXTENDED SHAFT 630A M21,2
1985,MESPATROON HOUDER 160 A-NH-00,36
1987,MESPATROON HOUDER 250 A-NH-1,1
1988,MESPATROON HOUDER 400 A-NH-2,22
1989,NEUTRAL BASES 250A-400A,4
1991,SCHAKELKAST MESPATROON 250A,4
1992,SCHAKELKAST MESPATROON 400A,5
1993,SCHAKELKAST MESPATROON 630A,6
1995,OMSCHAKELAAR 160A 3P+N,7
1997,HOOFDSCHAKELAAR 1250A 3P+N,1
2006,SCHIJDER NH 00 SPECIAL,100
2998,SF-30 CABLE CUTTER UP TO 35 MM,23
2999,WIHA SLIM SELECTION-SET 10 DLG,7
3001,STEENBOOR 5 mm,35
3002,STEENBOOR 6 mm,40
3003,STEENBOOR 7 mm,30
3005,SF-21CABLE CUTTER UP TO 16 MM,5
3006,SF-31CABLE CUTTER UP TO 50 MM,10
3009,SF-17 KABELSCHOEN TANG 6-50MM,2
3010,"BUIGVEER 5/8"" 1 mtr",13
3011,"BUIGVEER 3/4"" 1 mtr",9
3013,"BUIGVEER 5/8"" 2 mtr",3
3014,"BUIGVEER 3/4"" 2 mtr",2
3015,TREKVEER 20 mtr,220
3016,TREKVEER 30 mtr,30
3017,SF-37 KABELSCHOEN TANG 6-120MM,5
3018,SF-23 KABELSCHOEN TANG 6-25MM,10
3019,SF-8 KABELSCHOEN TANG 1.5-16MM,6
3020,"SF-42 HULS TANG SIDE 0,5-6MM",9
3021,"SF-54 HULS TANG S 1,5-6MM",11
3023,SF-56 HULS TANG  10-35MM,1
3027,SF-22 KABELSTRIPER 0.75 / 6MM,3
3028,SF-38 KABEL STRIPPER 4-25MM,4
3030,TAPE 10 mtr BRUIN,77
3031,TAPE 10 mtr ZWART,14
3032,TAPE 10 mtr BLAUW,108
3033,TAPE 10 mtr GR/GL,81
3034,TAPE 20 mtr BRUIN,92
3035,TAPE 20 mtr ZWART,12
3036,TAPE 25 mtr BLAUW,74
3037,TAPE 25 mtr GR/GL,24
3103,FOCO LED A19 6W 540LM 3000K,178
3104,FOCO LED A19 6W 540LM 6500K,356
3105,FOCO LED A60 9W 800LM 6500K,1
3106,FOCO LED T140 BASE E27 50W 65K,10
3107,FOCO LED T150 100W 6500K 9000L,34
3108,"TUBO LED T8, 9W 800LM 6500K",564
3109,TUBO LED T8 18W1600LM 6500K,93
3110,RECESADO REDONDO 6W 360LM 3K,57
31101,RECESADO REDONDO 6W 387LM 6K,114
3111,RECESADO REDONDO 12W 720LM 3K,103
3112,RECESADO REDONDO 12W 720LM 6K,11
3113,RECESADO REDONDO12W CCT,60
3114,RECESADO REDONDO 18W 1440LM 6K,70
3115,RECESADO REDONDO 18W CCT,101
3116,RECESADO REDONDO 24W 2035LM 6K,46
3117,SUPERFICIAL REDONDO 18W CCT,55
3118,OPBOUW REDONDO 24W 2035LM 6K,36
3119,SURGE PROTECTOR 127V USB,21
3120,RECESADO REDONDO 3W  3000K,119
3121,RECESADO REDONDO 3W  6000K,1
3122,REFLECTOR LED 30W 2400LM 6000K,12
3124,REFLECTOR LED 200W 18000LM,152
3125,SUPERFICIAL REDONDO 18W 65K,160
3126,LAMP TECHO PANEL LED 18W CCT,30
3194,GLOEILAMP 100WATT CLEAR,102
3195,GLOEILAMP 25WATT FROSTED,2
3196,GLOEILAMP 40WATT FROSTED,72
3199,GLOEILAMP 100WATT FROSTED,20
3200,HALOGEENLAMP  300W 127 VOLT,68
3202,HALOGEENLAMP 1000W 127 VOLT,333
3203,HALOGEENLAMP  300W 220 VOLT,197
3204,HALOGEENLAMP  500W 220 VOLT,54
3206,HALOGEENLAMP 1500W 220 VOLT,135
3208,HALOGEEN SCHIJNWERPER 1000W,2
3210,TL-ORNEMENT 1x20W 127/220V,70
3212,TL-ORNEMENT 2x40W 127V 50Hz,71
3222,TL INBOUWBAK 2X4 PARABOL 32W,25
3223,TL ORNEMENT LED 1X9W LEEG,19
3224,TL ORNEMENT LED 1X18W LEEG,15
3225,TL-ORNEMENT 1x20W WD 127/220V,2
3226,TL-ORNEMENT 1x40W WD 127/220V,2
3228,TL-ORNEMENT LED 1x9W WD LEEG,137
3229,TL-ORNEMENT LED 1x18W WD LEEG,176
3230,TL ORNEMENT LED 2X9W WD LEEG,132
3231,TL ORNEMENT LED2X18W WD LEEG,102
3242,PL LAMP   5 WATT,50
3243,PL LAMP   7 WATT,35
3244,PL LAMP   9 WATT,30
3245,PL LAMP 13 WATT,66
3246,PICKENS VPR 2211,20
3247,PICKENS VPO 2236 P,21
3248,PICKENS VPR  2241,8
3249,SPIRALLAMP 20W 110-130V 50Hz,14
3250,PICKENS VPC 2271 TRAP,1
3252,U-BUIS   40W DL,24
3253,TL- BUIS  32W DL T8,48
3256,TL-BUIS LED 10W 6500K,9
3257,TL BUIS LED  20W 6500K,2
3258,LED TUBE 10W 4000K 60cm,17
3261,TL-BUIS 32W DL ROND,14
3263,PICKENS 6W LED BULB 6500 K,498
3264,PICKENS 6W LED BULB 4000K SEMI,46
3265,PICKENS 7W LED BULB,33
3268,PICKENS 5W LED BULB 6500K,393
3269,PICKENS LED 5.5W GU 10,53
3270,PICKENS 10W LED BULB,5
3271,PICKENS T8 0.6 CM LED9W 6500K,66
3272,PICKENS T8 1.20M LED 22W 6500K,268
3275,LED TUBE T8 10W/865 1050l 6500,18
3281,BALLAST 1x20W STARTER,48
3282,BALLAST 1x20W STARTER 220V,18
3283,BALLAST 1x40W STARTER,103
3284,BALLAST 1x40W STARTER 220V,5
3285,BALLAST 2x34W ELECTR  120 VOLT,75
3286,BALLAST 2x40W RS  220 VOLT,230
3288,BALLAST 4x32W electr120-277vT8,21
3290,STARTER 4-22W,1423
3291,STARTER 4-65W S10,1935
3292,STARTERHOUDER PLAT     125-6,1302
3293,STARTERHOUDER CLIP     125-5,100
3295,"BEDRADINGSDRAAD  0,75mm",6
3309,6WATT LED PANEL LIGHT 1409-Y-6,116
3314,PICKENS RFTN 150W 7000K FLAT,3
3319,PICKENS RFTL 100W 6500K UFO,19
3320,PICKENS RFTN 400W 7000K FLAT,29
33210,PICKENS LMP 250W PUBLIC 6000K,9
3322,PICKENS RECHARGEABLE LED LIGHT,36
3323,PICKENS LED BASE T8 60 CM,249
3324,PICKENS LED BASE T8 120 CM,240
3326,PICKENS LED ORNEMENT WD 1X18W,119
3327,PICKENS LED ORNEMENT WD 2X9W,63
3328,PICKENS LED ORNEMENT WD 2X18W,144
3330,PICKENS 9  WATT 6500K LED SPOT,33
3332,PICKENS 18 WATT 6500K LED SPOT,125
3333,PICKENS 6 WATT 6500K LED SPOT,95
3334,PICKENS LED OPB ROND 12W 6500K,67
3335,PICKENS LED OPB ROND 18W 6500K,36
3350,LEDPANEL 40W 2x2 CCT 120-277V,15
3352,18W LED 1X1 5K OPB 100-277V,0
3431,WALLPLATE 2 SCHAK 2137,58
3487,ETI 3901375  EINDPLAAT VSV4,647
3488,ETI 3901114 BRIDGING MP2 / 10,10
3489,ETI 3901116 BRIDGING MP4 /10,19
3490,ETI 3901087 BRIDGING MP124/6,2
3491,ETI 3901055 BRIDGING MP 166/4,10
3492,ETI3901360 LIN UP  VSV4 FUSE,412
3493,ETI 3901539 GR VS 35 YELLO/GR,37
3494,ETI 3901518 GR VS 16 YELLO/GR,32
3495,ETI 3901497 GR VS6 YELLO/GR,84
3496,ETI 3901476 GR VS4 YELLO/GR,103
3497,ETI 3901016 END BRACKET PKPA35,11
3498,ETI 3901037 TERMINAL VS 4MM,180
3499,ETI 3901038 TERMINAL VS 4 BLUE,351
3500,ETI 3901068 TERMINAL VS 6 IVOR,1523
3501,ETI 3901069 TERMINAL VS 6 BLUE,70
3502,ETI 3901129 TERMINAL VS 16 IVO,71
3503,ETI 3901130 TERMINAL VS16 BLUE,47
3504,ETI 3901188 TERMINAL VS 70 IVO,92
3505,ETI 3901189 TERMINAL VS70 BLUE,80
3506,ETI 3901101 TERMINAL VS10 IVOR,125
3507,ETI 3901102 TERMINAL VS10 BLUE,89
3508,ETI 3901157 TERMINAL VS35 IVOR,63
3509,ETI 3901158 TERMINAL VS35 BLUE,12
3530,New3584500RJ45 8wireCat5e-6PL,52
3532,New-3667708Cat6A keystone jack,142
3533,New-3555008Cat5e keystone jack,150
3996,MOTION DETECTOR 21401,17
3997,SPEED CONTROLLER 21219,13
3998,ELECTRONIC DIMMER 150W 21215-1,5
4000,SINGEL POLE SWITCH 21011,187
4001,TWO POLE SWITCH 21021,325
4002,TWO CIRCUITS SWITCH 21061,171
4003,THREE CIRCUITS SWITCH 21088,6
4005,DOUBLE TWO WAY SWITCH 21101,12
4006,PULL-CORD PUSH BUTTON 21092,118
4007,DIMMER/ 2 WAY 320 WRC 21217,18
4009,EARTH SOCKET ( USA TYPE) 21143,536
4010,MONO DOUBLE EARTH SOCKET 70331,207
4011,RJ 45 CAT 6 UTP  SOCKET 21455,262
4012,RJ 45 CAT 5 E UTP SOCKET 21453,104
4013,RJ 45 CAT6 UTP CONNECTOR 21978,13
4014,RJ 45 CAT 5E UTP CONN 21975,67
4015,TELEPHONE SOCKET 21252,109
4017,ROCKER FOR SWITCHES 70601,854
4018,DOUBLE ROCKERS 70611,219
4019,TRIPLE ROCKERS 70661,19
4020,COV PLATE  PULL CORD 70741,71
4021,COVER PLATE  DIMMER 70721,21
4022,COV PL  EARTH SOCKET 70631,92
4023,COV PL  EARTH SOCK USA 70843,1065
4024,COV PL SCHUK SOCKET IP44 70634,247
4025,COVER PLATE  SINGLE RJ45 70751,128
4026,COVER RING WITH DOUBLE 70442,340
4027,COVER PLATE  TELEPHONE 70712,112
4028,BLIND COVER PLATE 70677,403
4029,IP 44 KIT MEC21 SINGLE 21981,46
4030,SURFACE MOUNTING BOX 10975,23
4031,SINGLE FRAME 70910,202
4032,DOUBLE HORIZONTAL FRAME 70921,138
4033,TRIPLE HORIZONTAL FRAME 70931,368
4034,4- GANG HORIZONTAL FRAME 70941,423
4035,WATERPROOF FRAME IP 44  70961,50
4036,UNIVERSAL COVER RING 70881,50
4037,COVER PLATE MOTION  70401 TBR,22
4040,SINGLE POLE SWITCH 37011 OPB,202
4041,TWO CIRCUITS SWITCH 37061 OPB,334
4042,TWO-WAY SWITCH 37071 OPB,259
4043,DOUBLE 2-WAY SWITCH  37101 OPB,169
4044,EARTH SOCKET SCHUKO 37131 OPB,7
4045,MOUNTINGBOX AMERICAN 10972 ABR,92
4046,SINGLE POLE SWITCH 48011 OP WD,113
4047,TWO POLE SWITCH 48021 WD OPB,74
4048,2 CIRCUITS SWITCH 48061 OPB WD,95
4049,TWO WAY SWITCH 48071 OPB WD,98
4050,EARTH SOCKET  48131 OPB  WD,33
4051,TWO EARTH SOCKETS 48862 OPB WD,1
4052,SAFETY EARTH SOCKET 45132SBR,5
4053,SAFE EARTHSOCKET 127V 45144SBR,96
4056,Face plate F/2 RJ Connector 2M,20
4057,DUBBEL USB CHARGER 110-240V,1
4058,COVER PLATE DBL USB CHAR 70673,22
4100,ROCKER FOR SWITCHES 90601 TBR,40
4101,DOUBLE ROCKERS 90611 TBR,201
4102,TRIPLE ROCKERS 90661 TBR,130
4103,COVER PLATE  PULL CORD 90741,36
4104,COVER PLATE FOR DIMMER 90721 T,27
4105,COVER PLATE SINGLE RJ45 90751,80
4106,COVER PLATE - TELEPHONE 90712,200
4107,COVER PLATE- EARTH SOCKET90631,804
4109,COVER PLATE SCHUKO SOCKET90634,40
4110,BLIND COVER PLATE 90677 TBR,57
4111,SINGLE FRAME 90910 TBR,19
4112,DOUBLE HORIZONTAL FRAME 90920,410
4113,TRIPLE HORIZONTAL FRAME 90930,19
4114,4 GANG HORIZONTAL FRAME 90940,76
4116,WATERPROOF FRAME IP 44  90961,50
4117,COVER RING WITH DOUBLE 90442,5
4118,COVER PLATE  DBL USB CHA90673,24
4119,SURFACE MOUNTINGBOX 10976 ABR,40
4121,SURFACE MOUNTINGBOX TRIPLE,42
4122,COVER PLATE MOTION  90401 TBR,42
4140,ROCKER FOR SWITCHES 90601 TPM,131
4141,DOUBLE ROCKERS 90611 TPM,45
4142,TRIPLE ROCKERS 90661 TPM,38
4143,COVER PLATE FOR DIMMER90721TPM,45
4144,COV PLATE SINGLE RJ45 90751TPM,44
4145,COV PLATE  TELEPHONE 90712 TPM,25
4146,COV PLATE EARTH SOCKET90631TPM,504
4147,COVERPLATE EARTH 90843 USATPM,140
4148,COV PLATE SOCKET IP44 90634TPM,72
4149,BLIND COVER PLATE 90677 TPM,156
4150,SINGLE FRAME 90910 TPM,64
4151,2 X HORIZONTAL FRAME 90920 TPM,2
4153,4 X  HORIZONT FRAME 90940 TPM,40
4154,5 X HORIZONT FRAME 90950 TPM,86
4155,COV RING WITH DOUBLE 90442 SPM,36
4156,COV PLATE FOR USB 90673 TPM,25
4157,COVER PLATE MOTION  90401 TPM,14
4200,KABELGOOT 12x7MM 10010 FBR,168
4201,KABELGOOT 16X10MM 10020 FBR,183
4203,KABELGOOT 32x12.5MM 10400 FBR,22
4204,KABELGOOT 32X16MM 10040 FBR,186
4205,"KABELGOOT 40X12,5MM 10150 FBR",26
4207,KABELGOOT 50X20MM 10500 CBR,45
4208,KABELGOOT 60X16MM 10070 CBR,99
4209,KABELGOOT 75X20MM 10140 CBR,107
4210,KABELGOOT 110X34MM 10080 RBR,88
4211,KABELGOOT 110X50MM 10090RBR,16
4212,KABELGOOT 90X50MM 10180 RBR,8
4213,KABELGOOT 180X50MM 10290 RBR,325
4215,T STUK 20X12.5MM  10031 ABR,0
4216,T STUK 32X12.5MM  10401 ABR,59
4218,T STUK 40X12.5MM  10051 ABR,40
4219,T STUK 40X16MM     10061 ABR,0
4220,T STUK 50X20MM     10501 ABR,20
4221,T STUK 60X16MM     10071 ABR,30
4222,T STUK 75X20MM     10141 ABR,25
4223,T STUK 110X34MM   10081 RBR,27
4224,T STUK 110X50MM   10091 RBR,25
4225,T STUK 90X50MM     10181 RBR,2
4227,BINNENHK 20X12.5MM 10032 ABR,44
4228,BINNENHK 32X12.5MM 10402  ABR,52
4229,BINNENHK 32X16MM 10042 ABR,59
4230,BINNENHK 40X12.5MM 10052 ABR,40
4231,BINNENHK 40X16MM 10062 ABR,27
4232,BINNENHK 50X20MM  10502 ABR,22
4233,BINNENHK 60X16MM  10072   ABR,30
4234,BINNENHK 75X20MM  10142 ABR,24
4235,BINNENHK 110X34MM  10082  RBR,28
4236,BINNENHK 110X50MM  10092 RBR,20
4238,BINNENHK 180X50MM  10292 RBR,17
4239,VLAKHOEK 20X12.5MM  10033 ABR,6
4240,VLAKHOEK 32X12.5MM  10403 ABR,53
4241,VLAKHOEK 32X16MM  10043 ABR,48
4242,VLAKHOEK 40X12.5MM 10053  ABR,40
4243,VLAKHOEK 40X16MM  10063  ABR,19
4244,VLAKHOEK 50X20MM  10503 ABR,0
4245,VLAKHOEK 60X16MM  10073  ABR,30
4246,VLAKHOEK 75X20MM 10143  ABR,17
4247,VLAKHOEK 110X34MM  10083  RBR,27
4248,VLAKHOEK 110X50MM  10093  RBR,10
4249,VLAKHOEK 90X50MM    10183 RBR,3
4250,VLAKHOEK 180X50MM  10293  RBR,47
4251,VERLENG 20X12.5MM 10034 ABR,40
4252,VERLENG 32X12.5MM  10404 ABR,9
4253,VERLENG 32X16MM  10044 ABR,55
4254,VERLENG 40X12.5MM  10054  ABR,60
4255,VERLENG 40X16MM  10064 ABR,20
4257,VERLENG 60X16MM  0074  ABR,30
4258,VERLENG 75X20MM   10144  ABR,33
4259,VERLENG 110X34MM 10084 RBR,28
4260,VERLENG 110X50MM 10094 RBR,44
4261,VERLENG 90X50MM  10184 RBR,16
4262,VERLENG 180X50MM 10294 RBR,12
4263,EINDSTUK 20X12.5MM 10035  ABR,44
4264,EINDSTUK 32X12.5MM  10405 ABR,51
4265,EINDSTUK 32X16MM   10045 ABR,60
4266,EINDSTUK 40X12.5MM 10055  ABR,0
4267,EINDSTUK 40X16MM  10065  ABR,22
4268,EINDSTUK 50X20MM 10505  ABR,28
4269,EINDSTUK 60X16MM  10075  ABR,28
4270,EINDSTUK 75X20MM  10145 ABR,40
4271,EINDSTUK 110X34MM 10085  RBR,28
4272,EINDSTUK 110X50MM 10095  RBR,28
4274,EINDSTUK 180X50MM  10295  RBR,11
4275,BUITENHK 20X12.5MM 10036 ABR,51
4276,BUITENHK 32X12.5MM 10406 ABR,60
4277,BUITENHK 32X16MM 10046  ABR,0
4278,BUITENHK 40X12.5MM 10056  ABR,80
4279,BUITENHK 40X16MM  10066 ABR,30
4280,BUITENHK 50X20MM 10506 ABR,2
4281,BUITENHK 60X16MM  10076  ABR,0
4282,BUITENHK 75X20MM  10146  ABR,120
4283,BUITENHK 110X34MM  10086 RBR,28
4284,BUITENHK 110X50MM  10096  RBR,28
4285,BUITENHK 90X50MM  10186  RBR,24
4286,BUITENHK 180X50MM 10296  RBR,28
4287,Q45 MOD ADAPTER 2 MOD 10950ABR,40
4288,Q45 MOD COV PL 2 MOD 10959 ABR,160
4289,Q45  ADAPTER 2 MOD 10986 ABR,158
4290,Q45  ADAPTER 4 MOD 10952 ABR,118
4291,Q45 ADAPTER 6 MOD 10954 ABR,150
4292,FLUSH MOUNT BOX USA 10971 ABR,110
7000,JVD16 - 63   40A 4P SCHAKELAAR,140
7001,JVD16 - 63   63A 4P SCHAKELAAR,77
7003,JVD16 -125 100A 4P SCHAKELAAR,4
7004,JVD16 -125 125A 4P SCHAKELAAR,22
7005,JVL16 -63  40A 4P 30mA AARDLEK,389
7006,JVL16 -63  63A 4P 30mA AARDLEK,819
7007,JVL16 -63 40A 4P 300mA AARDLEK,21
7008,JVL16 -63 63A 4P 300mA AARDLEK,53
7009,JVM16 -32   6A1P+N B-TYPE AUT,31
7010,JVM16 -32  16A 1P+N B-TYPE AUT,330
7011,JVM16 -32  20A 1P+N B-TYPE AUT,124
7013,JVM16 -32  16A 1P+N C-TYPE AUT,187
7014,JVM16 -32  20A 1P+N C-TYPE AUT,49
7015,JVM16 -32  25A 1P+N C-TYPE AUT,50
7016,JVM16 -32  32A 1P+N C-TYPE AUT,129
7017,JVM19 -63  16A 2P B-TYPE AUTOM,626
7018,JVM19-63   6A  2P B-TYPE AUTOM,77
7019,JVM16 -63  16A 2P C-TYPE AUTOM,1033
7020,JVM19 -63  20A 2P C-TYPE AUTOM,11
7021,JVM19 -63  25A 2P C-TYPE AUTOM,65
7022,JVM19 -63  16A 3P C-TYPE AUTOM,32
7023,JVM19 -63  20A 3P C-TYPE AUTOM,19
7024,JVM16 -63  25A 3P C-TYPE AUTOM,26
7025,JVM16 -63  32A 3P C-TYPE AUTOM,25
7026,JVM16 -63  40A 3P C-TYPE AUTOM,36
7027,JVM19 -63  50A 3P C-TYPE AUTOM,66
7028,JVM19 -63  63A 3P C-TYPE AUTOM,156
7030,JVM16-63 16A 3P+N C-TYPE AUTOM,66
7032,JVM16 -63 32A 3P+N C-TYPE AUTO,39
7033,JVM16 -63 40A 3P+N C-TYPE AUTO,33
7034,JVM16 -63 50A 3P+N C-TYPE AUTO,66
7035,JVM16 -63 63A 3P+N C-TYPE AUTO,65
7036,JVM 65-125  80A 3P+N C-TYPE,1
7037,JVM 65-125 100A 3P+N C-TYPE,27
7038,JVM 65-125 125A 3P+N C-TYPE,30
7039,JVT3-16D TIMER,108
7040,LNC1  20A  2P 1MOD CONTACTOR,82
7041,LNC1  20A  4P 2MOD CONTACTOR,8
7042,LNC1 25A 4P 2MOD CONTACTOR,40
7043,JVL5-40 16A 1P+N - C 30mA,105
7051,JUNCTION BOX 125A  4*7,37
7052,JUNCTION BOX 125A  4*11,2
7054,FTG VerdeelBlok 4F 125A 1x35mm,0
7055,FTG Verdeel Blok1F 160A 1x70mm,62
7060,JVRO16-32 1P+N B16 30 mA,6
7061,JVRO16-32 1P+N C 16 30 mA,2
7062,JVRO16-32 1P+N C 20 30 mA,79
7063,JVRO16-32 1P+N C 25 30 mA,111
7070,ADER EINDHULS 1.5mm E1508,2900
7071,ADER EINDHULS 2.5mm E2508,14000
7072,ADER EINDHULS 4mm E4012,14000
7073,ADER EINDHULS 6mm E6012,1000
7076,ADER EINDHULS 25mm E2516,6600
7077,ADER EINDHULS 35mm E3516,8800
7078,ADER EINDHULS 50mm E5020,4100
7079,ADER EINDHULS 2X1.5mm TE1508,3000
7080,ADER EINDHULS 2X2.5mm TE2510,22000
7081,ADER EINDHULS 2X4mm TE4012,6000
7082,ADER EINDHULS 2X6mm TE6014,9000
7083,ADER EINDHULS 2X10mm TE1014,5500
7084,ADER EINDHULS 2X16mm TE1614,9000
7100,PL-U 2pins 7W 127v/6400k,198
7102,ESL 305 SLIM 7W SPIRAAL 127V,43
7103,ESL 305 SLIM 9W SPIRAAL 127V,3
7112,ESL 211 20W SPIRAAL 127V,65
7130,HPS ARMATUUR 70W FML005,1
7132,HPS ARMATUUR 250W FML006,10
7133,HALOGEEN LAMP 500W,495
7134,HALOGEENLAMP 1000W,331
7135,HALOGEENLAMP 1500W,487
7139,HPLN LAMP 400W OSRAM,13
7141,BW.KAST WD 16MD  1316P-R1,6
7143,OPB.KAST WD 4MD 1304R1,28
7144,OPB.KAST WD 6MD R1306BR1,15
7145,BW.KAST WD 32MD 1332PR1,9
7146,OPB.KAST WD 8MD 1308PR1 BW,10
7147,OPB.KAST WD 48MD 1348R1,6
7148,OPB.KAST WD 8MD 1308BR1,17
7149,OPB.KAST 8MD 5109R1,17
7150,OPB.KAST 14MD 5021R1,48
7151,OPB.KAST 28MD 5281R1,32
7152,OPB.KAST 42MD 5261R1,15
7153,OPB.KAST 56MD 5271R1,15
7154,INB.KAST 12/14MD 5012R1,45
7155,INB.KAST 24/28MD 5250R1,17
7156,INB.KAST 36/42MD 5260R1,8
7157,INB.KAST 48/56MD 5270R1,13
7158,OPB.STOPCONTACT WD 3160,28
7159,INB.STOPCONTACT WD IP67 931431,5
7160,RUBBER STEKKER 5706C,25
7162,TERMOPLASTIC STEKKER 6706B WIT,9
7163,TERMOPLASTIC STEKKER 6428 WIT,421
7164,TERMOPLASTIC CONTRA 6707B WIT,37
7165,TERMOPLASTIC CONTRA 6707CN,31
7166,TERMOPLASTIC CONTRA 5019,18
7167,OPB.KAST 12MD 8703R1,44
7168,OPB.KAST WD 36MD 1336PR1,2
7169,OPB.KAST WD 11MD BW 1311AR1,1
7170,KABELDOOS GRIJS 886A,11
7173,TERMOPLASTIC ZIJK STEKKER 6566,31
7174,INSTEEK FLEXIBLE CLE24,18
7176,INSTEEK FLEXIBLE CLE54,61
7177,LAMPHOUDER 6511/75,15
7179,BASE MULTI 4 TOMAS 8014 IL,13
7180,BASE MULTI 5 TOMAS 8015 IL,11
7181,BASE MULTI 6 TOMAS 8016 IL,17
7182,ROL VERLENGSNOER 15M 7423/1,15
7183,ROL VERLENGSNOER 25M 7425/1,16
7184,INB.KAST MP14 METALBOX,2
7185,INB.KAST MP28 METALBOX,84
7186,INB.KAST MP42 METALBOX,0
7187,INB.KAST MP56 METALBOX,6
7188,KABEL DOOS 615 100 X 100 X 45,60
7189,KABEL DOOS 665 ROND  70 X 35,73
7190,KABEL DOOS 604 80 X 80 X 35,42
7191,EARTH TERMINAL GREEN,53
7192,ARMARIO ABS 200X300X130+PLAC,2
7193,INB.KAST MP14 METALBOX NG,30
7194,INB.KAST MP28 METALBOX NG,12
7195,INB.KAST MP42 METALBOX NG,18
7196,INB.KAST MP56 METALBOX NG,4
8012,Fuse-Holder FPG1 Slotted IP40,370
8021,CMH100/TT/UVC/730/E40 SKU 7739,3
8031,"ETI aardleksch 40A 4P0,03 127V",20
90100,SINGLE FRAME ALU 90910TAA,1
90105,COV PLATE EARTH SOCK 90843TAA,3
90106,COV PLATE SINGL RJ45 90751TAL,1
90107,COV PLATE DIMM 2WAY SW90721TAL,0
90108,DBL ROCKER SWITCH ALU 90611TAL,2
90120,SINGLE FRAME MATTE BLACK 50910,5
90121,DOUBLE HORIZONTAL FRAME 50921,4
90127,COVER PLATE FOR DIMMER 50721,1
90128,COVER PLATE FOR EARTH 50631,2
90131,ELECTRONIC DIMMER/ 2 WAY 50212,1
9079,PLL36W840 PL LAMP 2G11,3
9204,PICKENS HDMI CABLE DMM248-0300,6
9205,PICKENS HDMI CABLE DMM271,8
9206,PICKENS HDMI CABLE DMC270,8
