item,count_date,item_description,total
0101,2026-02-09,VD DRAAD 1.5 mm  ZWART,2200
0101,2026-02-16,VD DRAAD 1.5 mm  ZWART,29100
0102,2026-02-09,VD DRAAD 2.5 mm  BRUIN,2000
0102,2026-02-16,VD DRAAD 2.5 mm  BRUIN,426
0103,2026-02-09,VD DRAAD 2.5 mm  BLAUW,1800
0103,2026-02-16,VD DRAAD 2.5 mm  BLAUW,489
0104,2026-01-26,VD DRAAD 2.5 mm  GR/GL,280
0104,2026-02-09,VD DRAAD 2.5 mm  GR/GL,2000
0107,2026-02-05,VD DRAAD  4  mm  GL/GR,200
0108,2026-02-05,VD DRAAD  6  mm  ZWART,300
0109,2026-02-05,VD DRAAD  6  mm  BLAUW,500
0110,2026-02-05,VD DRAAD  6  mm  GR/GL,300
0111,2026-02-05,VD DRAAD 10  mm  ZWART,100
0112,2026-02-05,VD DRAAD 10  mm  BLAUW,100
0115,2026-02-05,VD DRAAD 16  mm  BLAUW,400
0116,2026-02-05,VD DRAAD 16  mm  GR/GL,100
0117,2026-02-04,VD DRAAD 25  mm  ZWART,100
0117,2026-02-05,VD DRAAD 25  mm  ZWART,600
0118,2026-02-05,VD DRAAD 25  mm  BLAUW,600
0119,2026-02-05,VD DRAAD 25  mm  GR/GL,100
0130,2026-02-05,VDS DRAAD FLEX  1.5mm ZWART,400
0131,2026-02-05,VDS DRAAD FLEX  1.5 mm BLAUW,100
0132,2026-02-04,VDS DRAAD FLEX  1.5 mm GR/GL,400
0137,2026-02-04,VDS DRAAD FLEX 10 mm ZWART,200
0138,2026-02-04,VDS DRAAD FLEX 10 mm BLAUW,700
0140,2026-02-04,VDS DRAAD FLEX 16 mm BLAUW,300
0141,2026-02-04,VDS DRAAD FLEX 16mm GR/GL,100
0142,2026-02-05,VDS DRAAD FLEX 25 mm ZWART,300
0143,2026-02-04,VDS DRAAD FLEX 25 mm BLAUW,100
0143,2026-02-04,VDS DRAAD FLEX 25 mm BLAUW,100
0144,2026-02-04,VDS DRAAD FLEX 25 mm GR/GL-K,100
0145,2026-02-05,VDS DRAAD FLEX 35 mm ZWART,200
0146,2026-02-05,VDS DRAAD FLEX 35 mm BLAUW,200
0147,2026-02-04,VDS DRAAD FLEX 35 mm GR/GL,100
0148,2026-02-04,VDS DRAAD FLEX 50 mm ZWART,100
0148,2026-02-04,VDS DRAAD FLEX 50 mm ZWART,100
0149,2026-02-04,VDS DRAAD FLEX 2.5mm ZWART,300
0150,2026-02-04,VDS DRAAD FLEX 2.5mm BLAUW,300
0153,2026-02-05,VDS DRAAD FLEX 4mm BLAUW,800
0154,2026-02-05,VDS DRAAD FLEX 4mm GR/GL,1400
0155,2026-02-04,VDS DRAAD FLEX 2.5mm ROOD,300
0159,2026-02-04,VDS H07V-K FLEX 50 mm BLAUW,200
0201,2026-01-26,KABEL YMvK 3G2.5mm rol/100mtr,11
0245,2026-02-04,VMVL  H05 V V-F 2x0.75  mm,500
0247,2026-02-04,VMvL H05 V V-F 2x1.5   mm,400
0250,2026-01-02,VMvL H05 V V-F 4G2.5   mm,700
02501,2026-02-04,VMvL H05 V V-F 5G2.5   mm,500
0262,2026-02-05,COAX RG6 60% 18AWG,120
0278,2026-01-26,KABELGOOT 100x40 mm,4
0284,2026-01-26,KABELGOOT 60x40 mm,1
0285,2026-01-26,KABELGOOT 10x8 mm,113
0288,2026-01-26,KABELGOOT 70x40 mm,9
0289,2026-01-26,KABELGOOT 70x60 mm,84
0290,2026-01-26,KABELGOOT 100x60 mm,13
0291,2026-01-26,KABELGOOT  DEKSEL70x40 mm,94
0292,2026-01-26,KABELGOOT DEKSEL 70x60 mm,82
0293,2026-01-26,KABELGOOT DEKSEL 100x60 mm,81
0299,2026-02-09,WIJMAPLAST 100 gram,15
0300,2026-02-06,PVC-LIJM 250 ml,11
0300,2026-02-09,PVC-LIJM 250 ml,18
0305,2026-02-09,HOSTALIT MOF 5/8 Grijs,324
0305,2026-02-16,HOSTALIT MOF 5/8 Grijs,400
0306,2026-02-02,FLEXIBELE BUIS 5/8,5
0307,2026-02-02,FLEXIBELE BUIS 3/4,10
0310,2026-01-02,FLEXIBELE BUIS 1DUIM,16
0311,2026-01-02,"MOFFEN   5/8""",8000
0311,2026-02-06,"MOFFEN   5/8""",495
0311,2026-02-16,"MOFFEN   5/8""",8000
0311,2026-02-16,"MOFFEN   5/8""",9600
0312,2026-02-06,"MOFFEN   3/4""",97
0312,2026-02-16,"MOFFEN   3/4""",400
0313,2026-02-06,"MOFFEN   1""",127
0313,2026-02-16,"MOFFEN   1""",400
0314,2026-02-06,"MOFFEN 1,5""",21
0314,2026-02-16,"MOFFEN 1,5""",3200
0314,2026-02-16,"MOFFEN 1,5""",96
0315,2026-02-06,MOFFEN 2'',18
0315,2026-02-16,MOFFEN 2'',192
0316,2026-02-09,"BOCHT 1""",55
0316,2026-02-16,"BOCHT 1""",300
0317,2026-02-09,"BOCHT 1,5""",22
0317,2026-02-16,"BOCHT 1,5""",100
0318,2026-02-09,"BOCHT 2""",12
0318,2026-02-16,"BOCHT 2""",90
0318,2026-02-16,"BOCHT 2""",100
0319,2026-02-09,"BUISBEVESTIGING 2"" POLFIX",4
0319,2026-02-16,"BUISBEVESTIGING 2"" POLFIX",700
0320,2026-02-09,"BUISBEVESTIGING 5/8""POLFIX",1058
0320,2026-02-16,"BUISBEVESTIGING 5/8""POLFIX",7200
0321,2026-02-09,"BUISBEVESTIGING 3/4""POLFIX",772
0321,2026-02-16,"BUISBEVESTIGING 3/4""POLFIX",1600
0322,2026-02-09,"BUISBEVESTIGING 1.5"" POLFIX",50
0322,2026-02-16,"BUISBEVESTIGING 1.5"" POLFIX",200
0323,2026-02-09,"BUISBEVESTIGING 1"" POLFIX",74
0323,2026-02-16,"BUISBEVESTIGING 1"" POLFIX",600
0324,2026-02-09,BOCHT PVC  5/8 CRÈME,75
0324,2026-02-16,BOCHT PVC  5/8 CRÈME,150
0325,2026-02-09,BOCHT PVC  3/4 CRÈME,85
0325,2026-02-16,BOCHT PVC  3/4 CRÈME,375
0326,2026-02-09,"POLFIX 5/8"" SLAGVAST GRIJS",52
0326,2026-02-16,"POLFIX 5/8"" SLAGVAST GRIJS",450
0327,2026-02-09,"POLFIX 3/4"" SLAGVAST GRIJS",447
0331,2026-02-06,CADDY KAB-CLIPS 2 -4mm 15-18,45
0331,2026-02-16,CADDY KAB-CLIPS 2 -4mm 15-18,500
0332,2026-02-03,CADDY KAB-CLIPS 2- 4mm 19-24,2000
0332,2026-02-06,CADDY KAB-CLIPS 2- 4mm 19-24,233
0332,2026-02-16,CADDY KAB-CLIPS 2- 4mm 19-24,1100
0333,2026-02-06,CADDY KAB-CLIPS 4 -7mm 15-18,112
0333,2026-02-16,CADDY KAB-CLIPS 4 -7mm 15-18,2000
0334,2026-02-06,CADDY KAB-CLIPS 4 -7mm 19-24,299
0334,2026-02-16,CADDY KAB-CLIPS 4 -7mm 19-24,2600
0335,2026-02-06,CADDY KAB-CLIPS 8-12mm 15-18,6
0335,2026-02-16,CADDY KAB-CLIPS 8-12mm 15-18,1100
0335,2026-02-16,CADDY KAB-CLIPS 8-12mm 15-18,2000
0336,2026-02-06,CADDY KAB-CLIPS 8-12mm 19-24,232
0336,2026-02-16,CADDY KAB-CLIPS 8-12mm 19-24,1800
0340,2026-02-09,"ZADELS 5/8"" - 15-16mm gemenied",525
0340,2026-02-16,"ZADELS 5/8"" - 15-16mm gemenied",23000
0341,2026-02-03,"ZADELS 3/4"" 19-20mm roodgemeni",25550
0341,2026-02-09,"ZADELS 3/4"" 19-20mm roodgemeni",511
0342,2026-02-09,"ZADELS 2x5/8""",178
0342,2026-02-16,"ZADELS 2x5/8""",1500
0343,2026-02-05,"ZADELS 3x5/8""",3500
0343,2026-02-09,"ZADELS 3x5/8""",127
0344,2026-02-05,"ZADELS 4x5/8""",3200
0344,2026-02-05,"ZADELS 4x5/8""",1050
0344,2026-02-09,"ZADELS 4x5/8""",171
0345,2026-02-09,ZADELS 9-10 mm VERT,492
0345,2026-02-16,ZADELS 9-10 mm VERT,13500
0346,2026-02-09,ZADELS 11- 12 mm VERT,172
0346,2026-02-16,ZADELS 11- 12 mm VERT,13500
0347,2026-02-09,ZADELS 12 mm VERT,64
0348,2026-02-05,ZADELS 13 mm VERT,1500
0349,2026-02-05,ZADELS 14 mm VERT,10000
0349,2026-02-09,ZADELS 14 mm VERT,12
0349,2026-02-16,ZADELS 14 mm VERT,2000
0352,2026-02-09,BC  ZADEL  2.5mm ZINC,1036
0353,2026-02-09,ZADELS ROOD 25mm (1duim),122
0353,2026-02-16,ZADELS ROOD 25mm (1duim),3150
0354,2026-02-09,ZADELS ROOD 38mm (1½duim),50
0355,2026-02-09,ZADELS ROOD 50mm (2 duim),104
0355,2026-02-16,ZADELS ROOD 50mm (2 duim),600
0360,2026-02-06,CABLE CLIPS  5-7mm,200
0361,2026-02-05,CABLE CLIPS   4  mm,45000
0361,2026-02-06,CABLE CLIPS   4  mm,222
0362,2026-02-05,CABLE CLIPS   5  mm,29500
0362,2026-02-06,CABLE CLIPS   5  mm,105
0363,2026-02-04,CABLE CLIPS   6  mm,6500
0363,2026-02-05,CABLE CLIPS   6  mm,60000
0363,2026-02-06,CABLE CLIPS   6  mm,182
0364,2026-02-05,CABLE CLIPS   7  mm,10100
0365,2026-02-05,CABLE CLIPS   8  mm,18000
0366,2026-02-05,CABLE CLIPS   9  mm,18000
0366,2026-02-06,CABLE CLIPS   9  mm,300
0367,2026-02-05,CABLE CLIPS  10  mm,9700
0367,2026-02-06,CABLE CLIPS  10  mm,50
0368,2026-02-05,CABLE CLIPS  11  mm,4500
0368,2026-02-06,CABLE CLIPS  11  mm,46
0369,2026-02-09,CABLE CLIPS  12  mm,3700
0370,2026-02-06,CABLE CLIPS  16  mm,36
0372,2026-02-06,CABLE CLIPS  20  mm,75
0373,2026-02-05,CABLE CLIPS   11 - 15  mm,2400
0380,2026-02-04,TYRAPS  95x2.5,6600
0382,2026-02-09,TYRAPS BRN 200 X 2.5,800
0383,2026-02-09,TYRAPS  BRN 250 X 4.8,10000
0383,2026-02-09,TYRAPS  BRN 250 X 4.8,10000
0385,2026-02-09,TYRAPS  BRN 250 X 7.6,700
0386,2026-02-09,TYRAPS BRN 380 X 7.6,58
0387,2026-02-09,TYRAPS BRN 370 X4.8,4800
0388,2026-02-09,TYRAPS  BRN 280 X 4.5,21700
0389,2026-02-09,TYRAPS BRN 390 X 4.8,7000
0390,2026-01-30,MONTAGEBAND 12mm,130
0390,2026-02-09,MONTAGEBAND 12mm,8
0391,2026-01-30,MONTAGEBAND 17mm,120
0391,2026-02-09,MONTAGEBAND 17mm,4
0401,2026-02-09,KABEL EINDHULSJES  6 mm,985
0402,2026-02-09,KABEL EINDHULSJES 10 mm,300
0403,2026-02-09,KABEL EINDHULSJES 16 mm,100
0404,2026-02-09,KABEL EINDHULSJES 25 mm,677
0408,2026-01-30,KABEL EINDHULS 2x4mm ISOLEERT,1600
0409,2026-02-05,PERSKABELSCHOEN 2.5 mm  M6,2000
0409,2026-02-09,PERSKABELSCHOEN 2.5 mm  M6,93
0411,2026-02-05,PERSKABELSCHOEN  6  mm  M6,4500
0411,2026-02-09,PERSKABELSCHOEN  6  mm  M6,129
0412,2026-02-05,PERSKABELSCHOEN 10  mm  M6,2000
0413,2026-02-05,PERSKABELSCHOEN 16  mm  M8,1800
0413,2026-02-09,PERSKABELSCHOEN 16  mm  M8,63
0414,2026-02-05,PERSKABELSCHOEN 25  mm  M8,900
0414,2026-02-09,PERSKABELSCHOEN 25  mm  M8,45
0416,2026-02-09,PERSKABELSCHOEN 50  mm  M10,142
0416,2026-02-16,PERSKABELSCHOEN 50  mm  M10,640
0418,2026-02-09,PERSKABELSCHOEN 95  mm  M12,47
0419,2026-02-09,PERSKABELSCHOEN 120 mm  M12,11
0419,2026-02-16,PERSKABELSCHOEN 120 mm  M12,240
0421,2026-02-09,PERSKABELSCHOEN  240 mm M12,6
0421,2026-02-16,PERSKABELSCHOEN  240 mm M12,9
0421,2026-02-16,PERSKABELSCHOEN  240 mm M12,10
0424,2026-02-04,VERBINDINGSBUS  2.5 mm,3500
0424,2026-02-04,VERBINDINGSBUS  2.5 mm,200
0424,2026-02-09,VERBINDINGSBUS  2.5 mm,43
0425,2026-02-04,VERBINDINGSBUS  4 mm,1600
0425,2026-02-04,VERBINDINGSBUS  4 mm,600
0425,2026-02-09,VERBINDINGSBUS  4 mm,4
0426,2026-02-04,VERBINDINGSBUS  6 mm,1300
0426,2026-02-04,VERBINDINGSBUS  6 mm,1100
0426,2026-02-09,VERBINDINGSBUS  6 mm,76
0427,2026-02-04,VERBINDINGSBUS 10 mm,2400
0427,2026-02-04,VERBINDINGSBUS 10 mm,500
0427,2026-02-09,VERBINDINGSBUS 10 mm,537
0428,2026-02-04,VERBINDINGSBUS 16 mm,200
0428,2026-02-04,VERBINDINGSBUS 16 mm,200
0428,2026-02-09,VERBINDINGSBUS 16 mm,49
0429,2026-02-04,VERBINDINGSBUS 25 mm,1600
0429,2026-02-04,VERBINDINGSBUS 25 mm,350
0429,2026-02-09,VERBINDINGSBUS 25 mm,70
0430,2026-02-04,VERBINDINGSBUS 35 mm,750
0430,2026-02-04,VERBINDINGSBUS 35 mm,100
0430,2026-02-09,VERBINDINGSBUS 35 mm,49
0431,2026-02-04,VERBINDINGSBUS 50 mm,860
0431,2026-02-09,VERBINDINGSBUS 50 mm,20
0431,2026-02-09,VERBINDINGSBUS 50 mm,20
0432,2026-02-04,VERBINDINGSBUS 70 mm,140
0432,2026-02-09,VERBINDINGSBUS 70 mm,17
0432,2026-02-09,VERBINDINGSBUS 70 mm,28
0433,2026-02-04,VERBINDINGSBUS 95 mm,180
0433,2026-02-09,VERBINDINGSBUS 95 mm,17
04331,2026-02-04,VERBINDINGSBUS 120 mm,90
04331,2026-02-04,VERBINDINGSBUS 120 mm,70
04331,2026-02-09,VERBINDINGSBUS 120 mm,49
04332,2026-02-09,VERBINDINGSBUS 240 mm,6
0434,2026-02-05,PERSKABELSCHOEN  6  mm  M8,2600
0435,2026-02-05,PERSKABELSCHOEN  10  mm  M8,2400
0435,2026-02-09,PERSKABELSCHOEN  10  mm  M8,207
0436,2026-02-05,PERSKABELSCHOEN  10  mm  M10,1800
0436,2026-02-09,PERSKABELSCHOEN  10  mm  M10,341
0437,2026-02-05,PERSKABELSCHOEN  16  mm  M6,2400
0437,2026-02-09,PERSKABELSCHOEN  16  mm  M6,257
0438,2026-02-05,PERSKABELSCHOEN  16  mm  M10,1000
0438,2026-02-09,PERSKABELSCHOEN  16  mm  M10,51
0439,2026-02-05,PERSKABELSCHOEN  25  mm  M6,900
0439,2026-02-09,PERSKABELSCHOEN  25  mm  M6,198
0440,2026-02-05,PERSKABELSCHOEN  25  mm  M10,700
0441,2026-02-05,PERSKABELSCHOEN  25  mm  M12,850
0441,2026-02-09,PERSKABELSCHOEN  25  mm  M12,18
0442,2026-02-16,PERSKABELSCHOEN  35  mm  M10,600
0443,2026-02-09,PERSKABELSCHOEN  35  mm  M12,92
0443,2026-02-16,PERSKABELSCHOEN  35  mm  M12,250
0444,2026-02-09,PERSKABELSCHOEN  50  mm  M12,4
0444,2026-02-16,PERSKABELSCHOEN  50  mm  M12,640
0445,2026-02-09,PERSKABELSCHOEN  70  mm  M12,31
0445,2026-02-09,PERSKABELSCHOEN  70  mm  M12,465
0445,2026-02-16,PERSKABELSCHOEN  70  mm  M12,260
0446,2026-02-09,PERSKABELSCHOEN  95  mm  M10,72
0446,2026-02-16,PERSKABELSCHOEN  95  mm  M10,240
0447,2026-02-09,PERSKABELSCHOEN  120  mm  M10,9
0447,2026-02-16,PERSKABELSCHOEN  120  mm  M10,1200
0451,2026-02-09,PERSKABELSCHOEN  50  mm  M8,80
0451,2026-02-16,PERSKABELSCHOEN  50  mm  M8,180
0452,2026-02-09,PERSKABELSCHOEN  95  mm  M8,75
0452,2026-02-16,PERSKABELSCHOEN  95  mm  M8,320
0453,2026-02-09,PERSKABELSCHOEN  70  mm  M14,4
0455,2026-02-09,RAYTECH GIETMOF 95MM(A310),1
0456,2026-02-09,A310 BARNICOL GIETMOF CPL,5
0457,2026-02-09,A150 BARNICOL GIETMOF CPL,12
0460,2026-02-09,A370 BARNICOL GIETMOF CPL,8
0461,2026-02-09,A470 BARNICOL GIETMOF CPL,2
0462,2026-02-09,BARNICOL GIETHARS A,6
0463,2026-02-09,BARNICOL GIETHARS B,6
0464,2026-02-09,BARNICOL GIETHARS C,5
0467,2026-01-29,ATTEMA  GIETMOF PAKKET 2511,20
0467,2026-02-09,ATTEMA  GIETMOF PAKKET 2511,12
0468,2026-02-05,CP-10 PIN PERSKABELSCHOEN 10MM,700
0468,2026-02-09,CP-10 PIN PERSKABELSCHOEN 10MM,158
0469,2026-02-05,CP-16 PIN PERSKABELSCHOEN 16MM,500
0469,2026-02-09,CP-16 PIN PERSKABELSCHOEN 16MM,37
0470,2026-02-05,CP-25 PIN PERSKABELSCHOEN 25MM,200
0470,2026-02-09,CP-25 PIN PERSKABELSCHOEN 25MM,130
0471,2026-02-05,CP-35 PIN PERSKABELSCHOEN 35MM,100
0471,2026-02-09,CP-35 PIN PERSKABELSCHOEN 35MM,22
0472,2026-02-09,CP-50 PIN PERSKABELSCHOEN 50MM,28
0473,2026-02-09,PERSKABELSCHOEN SMALL 70-10MM,12
0474,2026-02-05,PERSKABELSCHOEN SMALL 95-10MM,120
0474,2026-02-09,PERSKABELSCHOEN SMALL 95-10MM,1
0476,2026-02-09,PERSKABELSCHOEN SMALL 240-10MM,3
0476,2026-02-16,PERSKABELSCHOEN SMALL 240-10MM,5
0477,2026-02-05,PERSKABELSCHOEN SMALL 240-12MM,45
0477,2026-02-09,PERSKABELSCHOEN SMALL 240-12MM,3
0480,2026-02-06,T-DOOS              4206-D,46
0480,2026-02-16,T-DOOS              4206-D,400
0481,2026-02-06,MIDDENDOOS DUBBEL 4207-D,40
0481,2026-02-16,MIDDENDOOS DUBBEL 4207-D,200
0482,2026-02-06,TOPDOOS DUBB RECHT 4208-D,15
0483,2026-02-06,TOPDOOS DUBB LINKS   4209-D,65
0484,2026-02-06,TOP T DOOS DUBB. R. 4210-D,27
0484,2026-02-16,TOP T DOOS DUBB. R. 4210-D,900
0485,2026-02-06,TOP T DOOS DUBB. L.  4211-D,3
0485,2026-02-16,TOP T DOOS DUBB. L.  4211-D,500
0485,2026-02-16,TOP T DOOS DUBB. L.  4211-D,400
0486,2026-02-06,KABELDOOS 220A,4
0486,2026-02-16,KABELDOOS 220A,290
0487,2026-02-16,KABELDOOS 222A,141
0488,2026-02-06,KABELDOOS 221A,1
0489,2026-02-16,KABELDOOS 223A,125
04891,2026-01-02,KABELDOOS J100S,82
04891,2026-02-16,KABELDOOS J100S,82
0490,2026-02-06,TREKDOOS                4202-D,53
0490,2026-02-16,TREKDOOS                4202-D,100
0490,2026-02-16,TREKDOOS                4202-D,200
0491,2026-02-02,KABELDOOS 225A,55
0492,2026-02-16,KABELDOOS 224A,28
0493,2026-01-29,KABELDOOS EP088 (18100),184
0493,2026-02-06,KABELDOOS EP088 (18100),22
0494,2026-01-29,KABELDOOS EV111(18300),214
0494,2026-02-06,KABELDOOS EV111(18300),9
04941,2026-02-16,KABEL DOOS EL161 (18800),44
04942,2026-02-16,KABEL DOOS EL171 (19150),75
04943,2026-02-02,KABEL DOOS EL322 (19750),12
04943,2026-02-16,KABEL DOOS EL322 (19750),30
04944,2026-02-16,KABEL DOOS GSLT171 (19805),12
04945,2026-02-16,KABEL DOOS GSLT231 (19905),6
04946,2026-02-06,KABEL DOOS GSLT322 (19965),1
04946,2026-02-16,KABEL DOOS GSLT322 (19965),21
0495,2026-02-06,EINDDOOS                4201-D,10
0499,2026-02-06,VERHOGINGSRING H251,50
0500,2026-02-06,DUBB INBOUWDOOS H251 ABB,16
0500,2026-02-16,DUBB INBOUWDOOS H251 ABB,250
0501,2026-02-06,LASDOOS TOP T DOOS L DUBB3211,170
0501,2026-02-16,LASDOOS TOP T DOOS L DUBB3211,500
0502,2026-02-06,LASDOOS TOP T  R DUBB 3210,169
0502,2026-02-16,LASDOOS TOP T  R DUBB 3210,300
0504,2026-02-16,LASDOOS VORK TOP LINKS 3209,120
0505,2026-02-06,CD/RV RONDE DEKSEL CENTRAL,85
0505,2026-02-16,CD/RV RONDE DEKSEL CENTRAL,150
0506,2026-02-09,AD/16-19 AFSLUITSTOPBUIS 16-19,179
0509,2026-02-16,LASD EIND ACHTER INV 2031 att,100
0510,2026-02-16,LASD TREK ACHTER INV 3222,667
0511,2026-02-06,PLAFONDDOOS 97371201 GRO-2 120,31
0511,2026-02-09,PLAFONDDOOS 97371201 GRO-2 120,4
0511,2026-02-16,PLAFONDDOOS 97371201 GRO-2 120,23
0513,2026-02-06,INBOUWDS HOLLEWAND 16/19,47
0513,2026-02-16,INBOUWDS HOLLEWAND 16/19,360
0514,2026-02-06,MONTAGEDEKSEL GRIJS 3640/D,5
0514,2026-02-16,MONTAGEDEKSEL GRIJS 3640/D,150
0515,2026-02-06,DEKSEL VOOR LASDOOS  3504,574
0517,2026-02-16,CENTR ZIJKANT BODEM 76.5MM 169,46
0518,2026-02-09,CENTRAALDOOS ROND 80MM C80,3
0518,2026-02-16,CENTRAALDOOS ROND 80MM C80,150
0518,2026-02-16,CENTRAALDOOS ROND 80MM C80,50
0519,2026-01-02,CENTRAALDOOS ROND 100MM C100,200
0519,2026-02-09,CENTRAALDOOS ROND 100MM C100,35
0520,2026-02-06,CENTRAALD 5/8 55mm ONG 165A,66
0520,2026-02-16,CENTRAALD 5/8 55mm ONG 165A,400
0521,2026-02-06,CENTRAALD 5/8 55mm GEL 165B,55
0521,2026-02-16,CENTRAALD 5/8 55mm GEL 165B,300
0524,2026-01-02,CENTRDOOS ROND 12X16/19/20MM,840
0524,2026-02-06,CENTRDOOS ROND 12X16/19/20MM,65
0524,2026-02-16,CENTRDOOS ROND 12X16/19/20MM,180
0525,2026-02-06,CENTRAALDOOS DEKSEL 3506,252
0525,2026-02-16,CENTRAALDOOS DEKSEL 3506,500
0526,2026-02-16,MONTAGEDEKSEL+WCD3611W1,200
0526,2026-02-16,MONTAGEDEKSEL+WCD3611W1,40
0527,2026-02-06,MONTAGEDEKSEL+WCD3611W2,5
0527,2026-02-16,MONTAGEDEKSEL+WCD3611W2,250
0528,2026-02-06,MONTAGEDEKSEL+WCD3640W4,1
0528,2026-02-16,MONTAGEDEKSEL+WCD3640W4,100
0529,2026-02-06,ONDERBAK KABELDOOS 3640/1,2
0530,2026-02-06,MONTAGEDEKSEL+WCD3640W2,16
0530,2026-02-06,MONTAGEDEKSEL+WCD3640W2,201
0530,2026-02-16,MONTAGEDEKSEL+WCD3640W2,100
0531,2026-02-06,UNIVERSEEL LASDOOS    3611,85
0531,2026-02-16,UNIVERSEEL LASDOOS    3611,700
0532,2026-02-16,BLINDDEKSEL (uni lasdoos) 3535,400
0533,2026-02-06,MONTAGEDKSL (uni lasdoos) 3543,9
0533,2026-02-16,MONTAGEDKSL (uni lasdoos) 3543,260
0534,2026-02-06,INBOUWDOOS DUBB WCD H140,14
0534,2026-02-16,INBOUWDOOS DUBB WCD H140,450
0535,2026-02-09,GIETBOUWDOOS EURO 2x3/4 MGD50,92
0535,2026-02-16,GIETBOUWDOOS EURO 2x3/4 MGD50,200
0535,2026-02-16,GIETBOUWDOOS EURO 2x3/4 MGD50,600
0535,2026-02-16,GIETBOUWDOOS EURO 2x3/4 MGD50,1
0539,2026-02-06,INZ.STK KABELDOOS3640 16mm3525,316
0540,2026-02-06,INZ.STK KABELDOOS3640 19mm3529,79
0540,2026-02-16,INZ.STK KABELDOOS3640 19mm3529,300
0541,2026-02-09,MD4050 MULTIDOOS,15
0542,2026-02-09,MT/2X 16-19MM Inzetstuk,37
0542,2026-02-16,MT/2X 16-19MM Inzetstuk,400
05421,2026-02-09,MT/1X 16-19MM Inzetstuk,142
05421,2026-02-16,MT/1X 16-19MM Inzetstuk,500
0543,2026-02-06,VERHOGINGSRING MD4050 4MM,51
0544,2026-02-06,VERHOGINGSRING MD4050 6MM,27
0545,2026-02-06,SPARINGSKEGEL 3550 16MM,40
0547,2026-02-09,PG+MOER M16,160
0547,2026-02-16,PG+MOER M16,650
0548,2026-02-09,PG+MOER M20,5
0548,2026-02-16,PG+MOER M20,1100
0549,2026-02-09,PG+MOER M25,27
0549,2026-02-16,PG+MOER M25,840
0549,2026-02-16,PG+MOER M25,1600
0549,2026-02-16,PG+MOER M25,1600
0550,2026-02-16,"PG 13,5 + MOER",1550
0550,2026-02-16,"PG 13,5 + MOER",2000
0554,2026-02-09,PG 36,24
0554,2026-02-16,PG 36,210
0555,2026-02-09,PG 48,37
0555,2026-02-09,PG 48,2
0556,2026-02-09,PG+MOER M32,16
0557,2026-02-16,PG+MOER M40,630
0557,2026-02-16,PG+MOER M40,780
0558,2026-02-09,PG+MOER M50,3
0558,2026-02-16,PG+MOER M50,60
0558,2026-02-16,PG+MOER M50,200
0559,2026-02-09,PG+MOER M63,2
0559,2026-02-16,PG+MOER M63,120
0559,2026-02-16,PG+MOER M63,120
0560,2026-02-09,"MOER PG 13,5",800
0560,2026-02-16,"MOER PG 13,5",4700
0561,2026-02-09,MOER PG 16,305
0562,2026-02-09,MOER PG 21,200
0564,2026-02-09,MOER PG 36,11
0565,2026-02-09,MOER PG 48,121
0565,2026-02-16,MOER PG 48,720
0568,2026-02-09,CONEX STEEKKLEM 2-VOUDIG,1300
0569,2026-01-30,CONEX STEEKKLEM 3-VOUDIG,12000
0569,2026-02-09,CONEX STEEKKLEM 3-VOUDIG,1153
0570,2026-01-30,CONEX STEEKKLEM 4-VOUDIG,12000
0570,2026-02-09,CONEX STEEKKLEM 4-VOUDIG,75
0571,2026-01-30,CONEX STEEKKLEM 5-VOUDIG,10500
0571,2026-02-09,CONEX STEEKKLEM 5-VOUDIG,873
0574,2026-02-09,LASDOPPEN 2-7.5 mm CONEX,2000
0575,2026-01-30,LASDOPPEN 3.0-12.5 mm,5000
0575,2026-02-09,LASDOPPEN 3.0-12.5 mm,324
0576,2026-01-30,LASDOPPEN 7.5-18.0 mm,2400
0576,2026-02-09,LASDOPPEN 7.5-18.0 mm,90
0577,2026-01-30,LASDOPPEN 12-24 mm,3300
0577,2026-02-09,LASDOPPEN 12-24 mm,156
0580,2026-02-09,KROONKLEMSTROOK 2.5-4 mm2,9
0580,2026-02-16,KROONKLEMSTROOK 2.5-4 mm2,370
0582,2026-02-09,KROONKLEMSTROOK  10 mm2,1
0583,2026-02-09,KROONKLEMSTROOK  16 mm2,8
0583,2026-02-16,KROONKLEMSTROOK  16 mm2,145
0584,2026-02-09,KROONKLEMSTROOK  25 mm2,28
0584,2026-02-16,KROONKLEMSTROOK  25 mm2,90
0584,2026-02-16,KROONKLEMSTROOK  25 mm2,40
0600,2026-01-30,PASMOER 16A,1500
0600,2026-02-09,PASMOER 16A,85
0601,2026-02-09,PASMOER 20A,31
0602,2026-01-30,PASMOER 25A,525
0602,2026-02-09,PASMOER 25A,22
0603,2026-02-09,PASMOER 35A,15
0604,2026-02-09,PASMOER 50A,26
0605,2026-02-09,PASMOER 63A,1
0610,2026-01-30,ZEKERING 16A,500
0610,2026-02-09,ZEKERING 16A,45
0611,2026-01-30,ZEKERING 20A,1300
0611,2026-02-09,ZEKERING 20A,11
0612,2026-01-30,ZEKERING 25A,477
0612,2026-02-09,ZEKERING 25A,52
0613,2026-01-30,ZEKERING 35A,875
0613,2026-02-09,ZEKERING 35A,24
0614,2026-01-30,ZEKERING 50A,950
0614,2026-02-09,ZEKERING 50A,47
0615,2026-01-30,ZEKERING 63A,1325
0615,2026-02-09,ZEKERING 63A,23
0620,2026-01-30,KOP K2,250
0620,2026-02-09,KOP K2,53
0621,2026-01-30,KOP K3,160
0621,2026-02-09,KOP K3,16
0624,2026-01-30,KSV PATRONEN   25A NH 00,36
0624,2026-02-09,KSV PATRONEN   25A NH 00,17
0625,2026-01-30,KSV PATRONEN   35A NH 00,105
0625,2026-02-09,KSV PATRONEN   35A NH 00,22
0626,2026-02-09,KSV PATRONEN   50A NH 00,1
0627,2026-01-30,KSV PATRONEN   63A NH 00,15
0628,2026-01-30,KSV PATRONEN   80A NH 00,81
0628,2026-02-09,KSV PATRONEN   80A NH 00,3
0630,2026-01-30,KSV PATRONEN 125A NH 00,51
0630,2026-02-09,KSV PATRONEN 125A NH 00,3
0631,2026-01-30,KSV PATRONEN 160A NH 00,15
0631,2026-02-09,KSV PATRONEN 160A NH 00,2
0635,2026-01-30,KSV PATRONEN  63A NH 1,66
0635,2026-02-09,KSV PATRONEN  63A NH 1,32
0636,2026-01-30,KSV PATRONEN  80A NH 1,51
0636,2026-02-09,KSV PATRONEN  80A NH 1,1
0637,2026-01-30,KSV PATRONEN 100A NH 1,102
0637,2026-02-09,KSV PATRONEN 100A NH 1,8
0638,2026-01-30,KSV PATRONEN 125A NH 1,66
0638,2026-02-09,KSV PATRONEN 125A NH 1,1
0639,2026-01-30,KSV PATRONEN 160A NH 1,72
0640,2026-02-09,KSV PATRONEN 200A NH 1,7
0641,2026-01-30,KSV PATRONEN 224A NH 1,42
0641,2026-02-09,KSV PATRONEN 224A NH 1,20
0643,2026-02-09,KSV PATRONEN 315A NH 1,2
0644,2026-01-30,KSV PATRONEN 355A NH 1,36
0644,2026-02-09,KSV PATRONEN 355A NH 1,5
0645,2026-02-09,KSV PATRONEN 400A NH 2,7
0646,2026-01-30,KSV PATRONEN 630A NH 3,12
0646,2026-02-09,KSV PATRONEN 630A NH 3,1
0660,2026-02-09,JSL STEEKKLEM 2 VOUDIG,143
0663,2026-02-09,JSL STEEKKLEM 5 VOUDIG,4
0700,2026-02-06,ATT UNIVERSELE LASDOOS 1619,39
0700,2026-02-16,ATT UNIVERSELE LASDOOS 1619,300
0702,2026-02-06,ATT MONTAGEDEKSEL 1X WCD 1622,4
0702,2026-02-16,ATT MONTAGEDEKSEL 1X WCD 1622,60
0703,2026-02-06,ATT MONTAGEDEKSEL 2X WCD 1623,5
0703,2026-02-16,ATT MONTAGEDEKSEL 2X WCD 1623,130
0706,2026-02-06,ATT EINDOOS 2033,35
0706,2026-02-16,ATT EINDOOS 2033,400
0707,2026-02-09,ATEMA U 50 INBDOOS 16-19-20MM,13
0707,2026-02-16,ATEMA U 50 INBDOOS 16-19-20MM,300
0708,2026-02-09,ATEMA TUIT 2X16/19/20 U 50,9
0708,2026-02-16,ATEMA TUIT 2X16/19/20 U 50,570
0709,2026-02-09,ATEMA AFDEK PLAAT U 50,86
0709,2026-02-16,ATEMA AFDEK PLAAT U 50,100
0715,2026-02-09,ATT KABELDOOS IP65M20/M25 2501,1
0715,2026-02-16,ATT KABELDOOS IP65M20/M25 2501,60
0990,2026-01-02,PICKENS VOLTAGE PROTECT 120V,5
0991,2026-01-02,USB VOLTAGE PROTECTOR PICKENS,1
0992,2026-02-02,STRAP 2 PORTMOD-5522-5EW DECOR,150
0992,2026-02-09,STRAP 2 PORTMOD-5522-5EW DECOR,35
0993,2026-02-02,ADAPTOR F SERIE COAX 5552-5EW,50
0993,2026-02-09,ADAPTOR F SERIE COAX 5552-5EW,36
0995,2026-02-09,F-CONNECTOR 2078-T6,51
0996,2026-02-06,CUBE TAP 3 OUTLET 1482W,19
0997,2026-02-09,6 OUTLET 1146W-SP,9
0998,2026-01-30,3 OUTLET 1192W-SP,10
0998,2026-02-09,3 OUTLET 1192W-SP,46
1000,2026-01-29,SCHAK AM WIS  DUB 276W,200
1000,2026-02-06,SCHAK AM WIS  DUB 276W,43
1001,2026-02-02,5 BTTN  TIMER 127V PT18M-W,10
1002,2026-01-29,SCHAK AM ENK POL 271W,160
1002,2026-02-06,SCHAK AM ENK POL 271W,33
1005,2026-02-06,SCHAK AM WIS INB         1303W,98
1008,2026-01-29,SCHAK AM DUB DECO       7728W,80
1008,2026-02-06,SCHAK AM DUB DECO       7728W,8
1009,2026-01-29,SCHAK AM TRI DECO        7729W,320
1009,2026-02-06,SCHAK AM TRI DECO        7729W,68
10090,2026-01-29,SCHAK DUB  WISSEL DECO 7731W,80
10090,2026-02-06,SCHAK DUB  WISSEL DECO 7731W,48
10092,2026-02-06,SCHAK AM KRS DECO        7504W,41
10093,2026-01-29,SCHAK AM ENK-WIS 7732W,80
10093,2026-02-06,SCHAK AM ENK-WIS 7732W,34
1010,2026-01-30,DIMMER SCHUIF  SI061W / 6422,200
1010,2026-02-06,DIMMER SCHUIF  SI061W / 6422,71
10100,2026-02-06,UNIV DEC DIMMER LED DUL 06,5
10101,2026-01-30,DIMMER  WISS SI06P-W /SUL06P-W,100
10101,2026-02-06,DIMMER  WISS SI06P-W /SUL06P-W,22
1012,2026-02-06,SCHAK AM WIS            923V,12
1014,2026-02-06,SCHAK  2P 30A      3032 FW,24
1015,2026-01-29,SCHAK DECO COMB &WCD 7730W,220
1015,2026-02-06,SCHAK DECO COMB &WCD 7730W,20
1016,2026-02-09,SCHAK AM WIS DECO        6303V,3
1018,2026-01-30,DIMMER 1000W             1000,35
1018,2026-02-06,DIMMER 1000W             1000,1
1019,2026-01-30,DIMMER SCHUIF DUB LEV6628W,40
1019,2026-02-06,DIMMER SCHUIF DUB LEV6628W,9
1020,2026-01-29,COM SCHAK & WCD 127v -TR274W,80
1020,2026-02-06,COM SCHAK & WCD 127v -TR274W,4
1021,2026-02-09,WCD AM INB D R/A DEC  1107W,207
1023,2026-02-09,WCD AM INB D 220V DEC 6662W,1
1024,2026-01-29,WCD AM INB DUB  R/A       270W,200
1024,2026-02-09,WCD AM INB DUB  R/A       270W,33
1025,2026-01-29,WCD AM INB EN 220V R/A 1876W,100
1025,2026-02-09,WCD AM INB EN 220V R/A 1876W,56
1026,2026-01-30,USB Charging station 7750W,50
1026,2026-02-02,USB Charging station 7750W,10
1026,2026-02-09,USB Charging station 7750W,6
1027,2026-02-02,WCD AM INB AARDL BEVXGF15,40
1027,2026-02-02,WCD AM INB AARDL BEVXGF15,20
1027,2026-02-09,WCD AM INB AARDL BEVXGF15,5
1028,2026-02-02,WCD AM INB 127 ENK DEC TR6250W,60
1028,2026-02-09,WCD AM INB 127 ENK DEC TR6250W,18
1029,2026-02-09,WCD AM INB 127 ENK LED TR7735W,5
1030,2026-01-30,WCD AM OPB DUB R/A         78W,600
1030,2026-02-09,WCD AM OPB DUB R/A         78W,407
1031,2026-01-29,WCD AM INB ENK USB PORT TR7740,144
1031,2026-02-09,WCD AM INB ENK USB PORT TR7740,41
1032,2026-02-06,FAN/DIM COMB SDC15-W,14
1033,2026-02-06,FAN CNTL SLD 3-WAY SFS15P-W,19
1034,2026-02-02,WCD AM INB DUB R/A DEC 1107V,500
1036,2026-02-02,WCD AM INB 220V R/A     1876V,1000
1036,2026-02-09,WCD AM INB 220V R/A     1876V,36
1038,2026-01-30,WCD AM OPB DUB R/A         78V,1000
1038,2026-01-30,WCD AM OPB DUB R/A         78V,1000
1038,2026-02-09,WCD AM OPB DUB R/A         78V,45
1039,2026-01-30,WCD AM OPB DUB 220V R/A  74V,240
1039,2026-02-09,WCD AM OPB DUB 220V R/A  74V,5
1039,2026-02-09,WCD AM OPB DUB 220V R/A  74V,59
1100,2026-01-29,WALLPLATE AM SW (INB) 2134W,200
1100,2026-02-09,WALLPLATE AM SW (INB) 2134W,173
1101,2026-02-09,WALLPLATE AM ENK SW  2951WDISC,39
1102,2026-02-09,WALLPLATE AM DUB SW 2952W DISC,36
1103,2026-02-06,WALLPLATE AM TRI SW   2953W,215
1104,2026-02-09,WALLPLATE AM BLD         2129W,50
1105,2026-02-09,WALLPLATE AM BLD 2G  2037W,50
1106,2026-01-29,WALLPLATE AM ENK RP  2131W,250
1106,2026-02-09,WALLPLATE AM ENK RP  2131W,42
1107,2026-02-09,WALLPLATE AM DUB RP 2132W,150
1108,2026-01-29,WALLPLATE AM D RP 2-V  2150W,100
1108,2026-02-09,WALLPLATE AM D RP 2-V  2150W,4
1109,2026-02-09,WALLPLATE AM DECO 2151W,130
1110,2026-02-09,WALLPLATE AM DECO 2-V 2152W,43
11101,2026-01-30,WALLPLATE DECO BLIND 2160W,500
111010,2026-02-09,WALLPL AM ASPIRE 2-V 9522WS,4
111011,2026-01-30,WALLPL AM ASPIRE 3-V 9523WS,48
111011,2026-02-09,WALLPL AM ASPIRE 3-V 9523WS,5
111012,2026-01-30,WALLPL AM ASPIRE 4-V 9524WS,24
111012,2026-02-09,WALLPL AM ASPIRE 4-V 9524WS,3
111013,2026-02-09,WALLPL AM ASPIRE 5-V 9525WS,2
11102,2026-02-02,DECO TEL CONN  3560-4W,105
11103,2026-02-02,DECO COAX CONN 2162W,100
11107,2026-01-29,WALLPLATE AM DECO 4-V 2164W,40
11108,2026-01-29,WALLPLATE AM DECO 5-V 2165W,46
1111,2026-02-02,WALLPLATE AM TELPH. C 3532-4W,180
1111,2026-02-09,WALLPLATE AM TELPH. C 3532-4W,30
1112,2026-02-02,WALLPLATE AM COAX C 1172W,135
1112,2026-02-09,WALLPLATE AM COAX C 1172W,4
1113,2026-02-02,DECO AM PHON/ANTENE 3562W,35
1113,2026-02-09,DECO AM PHON/ANTENE 3562W,55
1114,2026-02-09,WALLPLATE AM SW (INB)    2134V,125
1115,2026-02-06,WALLPLATE AM ENK SW  951V,105
1116,2026-02-06,WALLPLATE AM DUB SW   952V,71
1117,2026-02-02,WALLPLATE AM TRI SW       953V,200
1117,2026-02-06,WALLPLATE AM TRI SW       953V,82
1118,2026-02-02,WALLPLATE AM BLD        2129V,50
1118,2026-02-09,WALLPLATE AM BLD        2129V,3
1119,2026-02-09,WALLPLATE AM BLD 2G     2037V,150
1120,2026-02-02,WALLPLATE AM ENK RP 2131V,275
1120,2026-02-06,WALLPLATE AM ENK RP 2131V,169
1121,2026-01-30,WALLPLATE AM DUB RP 2132V,200
1121,2026-02-09,WALLPLATE AM DUB RP 2132V,6
1122,2026-02-02,WALLPLATE AM D RP 2-V  2150V,50
1122,2026-02-06,WALLPLATE AM D RP 2-V  2150V,27
1123,2026-02-02,WALLPLATE AM DECO        2151V,150
1126,2026-01-29,WALLPLATE AM DUB WD S1962 W-SP,100
1126,2026-02-09,WALLPLATE AM DUB WD S1962 W-SP,9
1127,2026-01-29,WALLPLATE AM DUB WD S2966 W-SP,260
1127,2026-02-09,WALLPLATE AM DUB WD S2966 W-SP,19
1128,2026-01-29,WALLPLATE AM DUB WD S2962 W-SP,196
1128,2026-02-09,WALLPLATE AM DUB WD S2962 W-SP,55
1131,2026-01-29,WALLPLATE AM DUB WD  S1962,100
1131,2026-02-09,WALLPLATE AM DUB WD  S1962,12
1132,2026-01-29,WALLPLATE AM DUB WD S2962 GRAY,200
1132,2026-02-09,WALLPLATE AM DUB WD S2962 GRAY,41
1133,2026-01-29,WALLPLATE AM DEC WD S2966 GRAY,50
1133,2026-02-09,WALLPLATE AM DEC WD S2966 GRAY,38
1134,2026-02-09,WALLPLATE AM BLD WD       1987,14
1135,2026-01-30,WALLPLATE OPEN 5/8,80
1135,2026-02-06,WALLPLATE OPEN 5/8,6
1136,2026-02-06,STEKKER 20A 125V  2363,19
1137,2026-02-06,CONTRA STEKKER 2353,22
1138,2026-02-06,STEKKER 20A 125/250V 2465,10
1139,2026-02-06,CONT STEKKER 20A 125/250V 2455,11
1140,2026-02-09,STEKKER AM             1912W,3
1141,2026-02-06,STEKKER AM                183W,108
1142,2026-01-30,STEK RUB P/A 127V         1709,600
1142,2026-02-06,STEK RUB P/A 127V         1709,69
1143,2026-01-30,STEK RUB P/A  15A 220V  4866,100
1143,2026-02-06,STEK RUB P/A  15A 220V  4866,21
1144,2026-02-06,STEKKER 1723,63
1145,2026-02-06,CONTRA STEKKER AM     86W,54
1146,2026-02-06,CONT STEKKER RUB P/A 127V  222,66
1147,2026-01-30,CONT STEKKER RUB P/A 220V 4227,50
1147,2026-02-06,CONT STEKKER RUB P/A 220V 4227,9
1148,2026-02-02,"INB.DOOS PLASTIC 2x4""GEEL",1200
11480,2026-02-06,"INB.DOOS PLASTIC 2x4"" WIT",72
11481,2026-01-28,INB.DOOS PLASTIC 4x4 WIT,296
11481,2026-02-06,INB.DOOS PLASTIC 4x4 WIT,29
11481,2026-02-06,INB.DOOS PLASTIC 4x4 WIT,100
11482,2026-01-28,DEKSEL DOOS PLASTIC 4x4 WIT,800
11482,2026-02-09,DEKSEL DOOS PLASTIC 4x4 WIT,86
11482,2026-02-16,DEKSEL DOOS PLASTIC 4x4 WIT,180
1149,2026-02-02,"INB.DOOS PLASTIC 4x4""-CARLON",800
1149,2026-02-06,"INB.DOOS PLASTIC 4x4""-CARLON",46
11491,2026-02-02,Cover INB.D PLAST 4X4  1G A410,1800
11491,2026-02-09,Cover INB.D PLAST 4X4  1G A410,5
11492,2026-02-09,"DEKSEL INB.D PLASTIC 4X4"" DUB",50
1150,2026-01-30,"INB DOOS AM 2x4""",800
1150,2026-01-30,"INB DOOS AM 2x4""",1500
1150,2026-02-06,"INB DOOS AM 2x4""",39
1151,2026-02-02,"INB DOOS AM 4x4""",2450
1151,2026-02-06,"INB DOOS AM 4x4""",11
1152,2026-01-30,"DEKSEL INB DOOS AM 4x4"" 4150",2750
1152,2026-01-30,"DEKSEL INB DOOS AM 4x4"" 4150",600
1152,2026-02-09,"DEKSEL INB DOOS AM 4x4"" 4150",41
1153,2026-01-30,"DEKSEL INB DOOS AM 4x4"" 2-VOUD",750
1153,2026-02-09,"DEKSEL INB DOOS AM 4x4"" 2-VOUD",35
1154,2026-02-09,INB D CARLON 2X4 PLASTIC,22
1154,2026-02-16,INB D CARLON 2X4 PLASTIC,100
11541,2026-02-09,INB D CARLON GIPS 2X4 PLASTIC,24
11541,2026-02-16,INB D CARLON GIPS 2X4 PLASTIC,1
1157,2026-01-30,3 GANG BOX METAAL MSB-3,8
1158,2026-01-30,4 GANG BOX METAAL MSB-4,31
1159,2026-01-30,5 GANG BOX METAAL MSB-5,42
1160,2026-02-09,PHOTOCEL 127 VOLT A-105W,64
1161,2026-01-30,PHOTOCEL 220 VOLT A-1068W,42
1161,2026-02-09,PHOTOCEL 220 VOLT A-1068W,5
1196,2026-01-29,WCD EUR ENK R/A OPB WD KOPP,11
1197,2026-02-09,SCHAK EUR WIS OPB KOPP,11
1198,2026-02-06,SCHAK EUR ENK OPB KOPP,53
119801,2026-02-09,BERKER COMB SCH/SCHUKO 437605,5
119801,2026-02-16,BERKER COMB SCH/SCHUKO 437605,5
1199,2026-02-09,BERKER SERIE OPB 307805 IP44,20
1201,2026-02-09,BERKER WIS OPB 67307905 IP44,5
1202,2026-02-09,BERKER SERIE OPB 61300849,28
1202,2026-02-16,BERKER SERIE OPB 61300849,8
1211,2026-02-09,SCHAK EUR DUB POL  OPB WD,35
1213,2026-02-09,SCHAK EUR WIS TREK OPB WD,18
1216,2026-01-30,"TREKKOORTJE  1,9 mtr",93
1216,2026-02-09,"TREKKOORTJE  1,9 mtr",8
1218,2026-01-30,TIMER 250V/50Hz WHITE,8
1221,2026-02-09,WCD EUR DUB        OPB,7
1223,2026-01-29,KOPP WCD EUR DUB R/AOPB 74108,12
1223,2026-01-30,KOPP WCD EUR DUB R/AOPB 74108,7
1223,2026-02-09,KOPP WCD EUR DUB R/AOPB 74108,28
1227,2026-02-09,EUR CONVERTER PLUG  125V,41
1230,2026-02-09,STEKKER WIT,155
1233,2026-02-09,CONTRA STEKKER,54
1234,2026-02-09,CONTRA STEKKER R/A,31
1236,2026-01-29,CONTRA STEK R/A RUBBER HSKP16G,6
1236,2026-02-09,CONTRA STEK R/A RUBBER HSKP16G,1
1237,2026-01-30,VERLOOP STEKKER PEN PL 695,100
1238,2026-02-09,STEKKER WIT vinckier,50
1239,2026-02-09,TUSSEN SCHAKELAAR 939,23
1240,2026-02-09,VERLOOP STEKKER PEN RO 104,14
1241,2026-02-09,VERLOOP STEKKER PEN PL 103,1
1242,2026-01-30,VERLOOP STEKKER PEN RO 686,4
1242,2026-02-09,VERLOOP STEKKER PEN RO 686,125
1243,2026-02-09,*******CEE-FORM STEKK 16A-3P+A,38
12431,2026-02-09,CEE-FORM STEKKER 2P+E16A-02101,1
12431,2026-02-16,CEE-FORM STEKKER 2P+E16A-02101,17
1244,2026-02-09,******CEE-FORM STEKK 32A -3P+A,1
12441,2026-02-09,CEE-FORM STEKKER 3P+E16A-03102,2
12441,2026-02-16,CEE-FORM STEKKER 3P+E16A-03102,18
1245,2026-02-09,******CEE-FORM STEKK 63A -3P+A,70
1245,2026-02-16,******CEE-FORM STEKK 63A -3P+A,45
12451,2026-02-09,CEE-FORM STEK 3P+N+E 16A-03103,1
12451,2026-02-16,CEE-FORM STEK 3P+N+E 16A-03103,31
1246,2026-02-16,CEE-FORM STEK 2P+E 32A-02104,40
1247,2026-02-09,CEE-FORM STEK 3P+E 32A-03105,1
1247,2026-02-16,CEE-FORM STEK 3P+E 32A-03105,12
1248,2026-02-16,CEE-FORM STEK 3P+N+E 32A-03106,30
1249,2026-02-09,CEE-FOR STEK 2P+E16A IP67-2601,7
1249,2026-02-16,CEE-FOR STEK 2P+E16A IP67-2601,33
1250,2026-02-09,***CEE-FORM STEKK 16A - 3P+N+A,2
12501,2026-02-09,CEE-FOR STEK3P+E 16A IP67 3602,3
12501,2026-02-16,CEE-FOR STEK3P+E 16A IP67 3602,30
12511,2026-02-09,CEE-FORM STEK 3P+N+E 16A 03603,1
12511,2026-02-16,CEE-FORM STEK 3P+N+E 16A 03603,34
1252,2026-02-09,*****CEE-FORM STEKK 63A-3P+N+A,11
12521,2026-02-16,CEE-FORM STEK 2P+E 32A 02604,12
1253,2026-02-16,CEE-FORM STEKK 125A - 3P+N+A,4
12531,2026-02-16,CEE-FORM STEK 3P+E 32A 03605,45
12532,2026-02-09,CEE-FORM STEK 3P+N+E 32A 3606,1
12532,2026-02-16,CEE-FORM STEK 3P+N+E 32A 3606,14
12533,2026-02-16,CEE-FORM STEK 3P+E 63A  03652,23
12535,2026-02-05,CEE-FORM STEK 3P+E 125A 03655,18
1254,2026-02-09,*******CEE-FORM WCD 16A-3P+N+A,2
12541,2026-02-16,CEE-FORM -WCD 2P+E 16A-02321,16
12551,2026-02-09,CEE-FORM WCD 3P+E 16A-03322,7
12551,2026-02-16,CEE-FORM WCD 3P+E 16A-03322,20
1256,2026-02-05,******CEE-FORM WCD 63A -3P+N+A,11
12561,2026-02-09,CEE-FORM WCD 3P+N+E 16A-03323,7
12561,2026-02-16,CEE-FORM WCD 3P+N+E 16A-03323,17
1258,2026-02-09,*******CEE-FORM WCD 16A - 3P+A,1
1258,2026-02-09,*******CEE-FORM WCD 16A - 3P+A,3
1258,2026-02-09,*******CEE-FORM WCD 16A - 3P+A,18
1258,2026-02-09,*******CEE-FORM WCD 16A - 3P+A,1
12581,2026-02-09,CEE-FORM WCD 3P+E 32A-3325,1
12581,2026-02-16,CEE-FORM WCD 3P+E 32A-3325,24
1259,2026-02-09,*******CEE-FORM WCD 32A - 3P+A,5
12591,2026-02-09,CEE-FORM WCD 3P+N+T 32A-03326,1
12591,2026-02-09,CEE-FORM WCD 3P+N+T 32A-03326,4
12591,2026-02-09,CEE-FORM WCD 3P+N+T 32A-03326,1
12591,2026-02-16,CEE-FORM WCD 3P+N+T 32A-03326,34
1260,2026-02-16,*******CEE-FORM WCD 63A - 3P+A,48
12601,2026-02-16,CEE-FORM WCD 2P+E 16A -02821,23
126010,2026-02-05,CEE-FORM WCD 3P+N+E 125A 03876,13
12602,2026-02-09,CEE-FORM WCD 3P+E 16A -03822,1
12602,2026-02-16,CEE-FORM WCD 3P+E 16A -03822,8
12603,2026-02-09,CEE-FORM WCD 3P+N+E 16A 03823,11
12603,2026-02-16,CEE-FORM WCD 3P+N+E 16A 03823,2
12604,2026-02-09,CEE-FORM WCD 2P+E 32A 02824,1
12605,2026-02-09,CEE-FORM WCD 3P+E 32A -03825,2
12605,2026-02-16,CEE-FORM WCD 3P+E 32A -03825,17
12606,2026-02-09,CEE-FORM WCD 3P+N+E 32A 03826,1
12606,2026-02-09,CEE-FORM WCD 3P+N+E 32A 03826,6
12607,2026-02-16,CEE-FORM WCD 3P+E 63A 03872,18
12608,2026-02-09,CEE-FORM WCD 3P+N+E 63A 03873,1
12609,2026-02-05,CEE-FORM WCD 3P+E 125A 03875,17
1261,2026-02-09,CEE-FORM CONN 2P+E 16A-02201,3
1261,2026-02-16,CEE-FORM CONN 2P+E 16A-02201,30
1262,2026-02-09,CEE-FORM CONN 3P+E 16A-03202,6
1262,2026-02-09,CEE-FORM CONN 3P+E 16A-03202,6
1262,2026-02-16,CEE-FORM CONN 3P+E 16A-03202,18
1263,2026-02-09,CEE-FORM CONN 3P+N+E 16A-03203,1
1263,2026-02-16,CEE-FORM CONN 3P+N+E 16A-03203,12
1264,2026-02-09,CEE-FORM CONN 2P+E 32A-02204,5
1264,2026-02-16,CEE-FORM CONN 2P+E 32A-02204,16
1265,2026-02-09,******CEE-FORM CONN 32A -3P +A,19
1265,2026-02-09,******CEE-FORM CONN 32A -3P +A,15
1266,2026-02-09,*****CEE-FORM CON 32A -3P+N+A,1
1266,2026-02-09,*****CEE-FORM CON 32A -3P+N+A,28
1267,2026-02-16,*****CEE-FORM CONN 63A -3P + A,30
1269,2026-02-16,CEE-FORM CONN 3P+E 32A-03205,28
1270,2026-02-16,CEE-FORM CONN 3P+N+T 32A-03206,34
1271,2026-02-09,CEE-FORM CONN 2P+E 16A 02701,4
1271,2026-02-16,CEE-FORM CONN 2P+E 16A 02701,24
1272,2026-02-09,CEE-FORM CONN 3P+E 16A 03702,1
1272,2026-02-16,CEE-FORM CONN 3P+E 16A 03702,12
1273,2026-02-09,CEE-FORM CONN 3P+N+E 16A 03703,9
1273,2026-02-16,CEE-FORM CONN 3P+N+E 16A 03703,10
1274,2026-02-09,CEE-FORM CONN 2P+E 32A 02704,1
1274,2026-02-16,CEE-FORM CONN 2P+E 32A 02704,20
1275,2026-02-16,CEE-FORM CONN 3P+E 32A 03705,14
1276,2026-02-09,CEE-FORM CONN 3P+N+E 32A 03706,1
1276,2026-02-16,CEE-FORM CONN 3P+N+E 32A 03706,17
1277,2026-02-16,CEE-FORM CONN 3P+E 63A 03752,19
1279,2026-02-05,CEE-FORM CONN 3P+E 125A 03755,22
1280,2026-02-05,CEE-FORM CONN 3P+N+E125A 03756,10
1281,2026-02-16,CEE-FORM SCH-WCD 2P+E 16A-0236,22
1282,2026-02-16,CEE-FORM SCH-WCD2P+E 16A 02831,12
1283,2026-02-09,CEE-FORM SCH-WCD3P+E 16A-03362,1
1283,2026-02-16,CEE-FORM SCH-WCD3P+E 16A-03362,15
1284,2026-02-16,CEE-FORM SCH-WCD 3P+E16A 03832,9
1285,2026-02-09,CEE-FORM WCD 3P+N+E 16A-03363,1
1285,2026-02-16,CEE-FORM WCD 3P+N+E 16A-03363,21
1286,2026-02-16,CEE-FORM WCD 3P+N+E 16A 03833,17
1287,2026-02-16,CEE-FORM WCD 2P+E 32A -02364,21
1288,2026-02-16,CEE-FORM WCD 2P+E 32A 02834,21
1289,2026-02-16,CEE-FORM WCD 3P+E 32A 03365,21
1290,2026-02-16,CEE-FORM WCD 3P+E 32A 03835,12
1291,2026-02-16,CEE-FORM WCD 3P+N+E 32A-03366,17
1292,2026-02-16,CEE-FORM WCD 3P+N+E 32A-03836,7
1293,2026-02-05,CEE-FORM WCD 3P+E 63A-03882,5
1293,2026-02-16,CEE-FORM WCD 3P+E 63A-03882,4
1294,2026-02-05,CEE-FORM WCD 3P+N+E 63A 03883,1
1298,2026-02-09,UNIMAX KLEM 16/4-16 mm,79
1299,2026-02-09,UNIMAX KLEM 35/4-35 mm,4
1299,2026-02-16,UNIMAX KLEM 35/4-35 mm,50
1300,2026-02-09,UNIMAX KLEM 25/4-25 mm,42
1301,2026-02-09,UNIMAX KLEM 50/10-50 mm,3
1301,2026-02-16,UNIMAX KLEM 50/10-50 mm,150
1302,2026-02-06,BADKAMER RAIL 6x6+1x25 mm,25
1302,2026-02-16,BADKAMER RAIL 6x6+1x25 mm,150
1303,2026-02-06,BADKAMER RAIL 5x6+1x25 mm,98
1303,2026-02-16,BADKAMER RAIL 5x6+1x25 mm,8
1304,2026-02-06,AARDRAIL VERN 12 X 3 MM,18
1305,2026-02-16,AARDRAIL VERN 15 X 4 MM,60
1306,2026-02-16,AARDRAIL VERN 20 X 5 MM,20
1307,2026-02-16,AARDRAIL 63AMP BLANK KOPER,4
1309,2026-02-09,"AARDKLEM 1/8""",11
1309,2026-02-16,"AARDKLEM 1/8""",90
1309,2026-02-16,"AARDKLEM 1/8""",34
1310,2026-02-09,"AARDKLEM 1/4""",39
1310,2026-02-16,"AARDKLEM 1/4""",295
1311,2026-02-09,"AARDKLEM 3/8""",19
1312,2026-02-09,"AARDKLEM 1/2""",41
1312,2026-02-16,"AARDKLEM 1/2""",550
1313,2026-02-09,"AARDKLEM 3/4""",26
1313,2026-02-16,"AARDKLEM 3/4""",16
1314,2026-02-16,"AARDKLEM  1 """,202
1315,2026-02-06,VERBINDING RAIL 1x6+1x25 mm,16
1315,2026-02-16,VERBINDING RAIL 1x6+1x25 mm,4
1316,2026-02-06,VERBINDING RAIL 2x6+1x25 mm,24
1316,2026-02-16,VERBINDING RAIL 2x6+1x25 mm,5
1317,2026-02-09,MUURBLOK 50 MM2,89
1320,2026-02-02,AARDDRAAD BC  6 mm2,300
1321,2026-02-02,AARDDRAAD BC 10 mm2,100
1322,2026-02-02,AARDDRAAD BC 16 mm2,100
1323,2026-02-02,AARDDRAAD BC 25 mm2,100
1327,2026-02-09,MOERKLEM APC 10/6,15
1327,2026-02-16,MOERKLEM APC 10/6,125
1328,2026-02-09,MOERKLEM APC 16/16,4
1328,2026-02-16,MOERKLEM APC 16/16,175
1329,2026-02-09,MOERKLEM APC 25/25,1
1329,2026-02-16,MOERKLEM APC 25/25,190
1330,2026-02-09,MOERKLEM APC 35/35,1
1330,2026-02-16,MOERKLEM APC 35/35,160
1331,2026-02-09,MOERKLEM APC 50/50,3
1331,2026-02-16,MOERKLEM APC 50/50,190
1333,2026-01-30,MOERKLEM APC 50/70,1500
1335,2026-02-06,KOPPELING LEH-34,10
1335,2026-02-16,KOPPELING LEH-34,297
1336,2026-02-06,AARDKLEM 3/4 Brass,129
1351,2026-02-09,HOUTSCHR IJZ 3.5x25 (1x6),102
1353,2026-01-30,HOUTSCHR IJZ 4.0x25 (1x8),118
1353,2026-02-09,HOUTSCHR IJZ 4.0x25 (1x8),8200
1354,2026-02-09,HOUTSCHR IJZ 4.0x40 (1 1/2x8),5000
1360,2026-01-30,SPAANPLAAT SCHR.3.5x25 (1x6),330
1361,2026-01-30,SPAANPLAAT SCHR.4.0x20 (3/4x8),360
1362,2026-01-30,SPAANPLAAT SCHR.3.9x25 (1x8),240
1362,2026-02-09,SPAANPLAAT SCHR.3.9x25 (1x8),8000
1363,2026-01-30,SPAANPLAAT SCHR.4.0x35(11/4x8),160
1363,2026-02-09,SPAANPLAAT SCHR.4.0x35(11/4x8),4000
1365,2026-01-30,SPAANPLAAT SCHR.3.5x45,120
1370,2026-02-09,RAWPLUGS S5,1200
1372,2026-02-09,RAWPLUGS S8,4100
1375,2026-01-30,"RAWPLUGS  WIT   (5x25mm-1"")",2400
1375,2026-02-09,"RAWPLUGS  WIT   (5x25mm-1"")",160
1376,2026-01-30,"RAWPLUGS ROOD (6X25mm-1"")",1920
1376,2026-02-09,"RAWPLUGS ROOD (6X25mm-1"")",334
1376,2026-02-16,"RAWPLUGS ROOD (6X25mm-1"")",480
1377,2026-01-30,RAW PLUGS GROEN (7x35mm-1.1/2),1280
1377,2026-02-09,RAW PLUGS GROEN (7x35mm-1.1/2),342
1378,2026-01-30,RAWPLUGS  BLAUW (8x35mm-1.1/2),1200
1399,2026-02-09,BERKER WIPSCHA 2X/WIS 61303808,11
1399,2026-02-16,BERKER WIPSCHA 2X/WIS 61303808,70
1402,2026-02-09,BERKER WCD  220V INB WD 471509,9
1403,2026-02-09,BERKER WCD 127V  INB  WD 4202,22
1403,2026-02-16,BERKER WCD 127V  INB  WD 4202,9
1404,2026-02-09,BERKER WIPPENSCHAK 3x1P 633023,70
1404,2026-02-16,BERKER WIPPENSCHAK 3x1P 633023,60
1405,2026-02-09,BERKER WIPSCHA UIT/WISS 613036,4
1405,2026-02-16,BERKER WIPSCHA UIT/WISS 613036,100
1406,2026-02-09,BERKER WIPSCHAK SERIE 613035,12
1406,2026-02-16,BERKER WIPSCHAK SERIE 613035,150
1407,2026-02-09,BERKER WIPSCHAK  2P 613032,62
1407,2026-02-16,BERKER WIPSCHAK  2P 613032,200
1408,2026-02-09,BERKER WIPSCHAK  KRUIS 613037,26
1408,2026-02-16,BERKER WIPSCHAK  KRUIS 613037,90
1409,2026-02-16,BERKER UNIV DRAAI DIMM  286110,3
1410,2026-02-09,DRAAI DIMM DRUK/UIT 283010,11
1410,2026-02-16,DRAAI DIMM DRUK/UIT 283010,44
1411,2026-02-09,BERKER AFDEKRAAM 1V  10118989,6
1412,2026-02-09,BERKER AFDEKRAAM  2V  10128989,9
1412,2026-02-16,BERKER AFDEKRAAM  2V  10128989,7
1413,2026-02-09,BERKER AFDEKRAAM  3V  10138989,28
1413,2026-02-16,BERKER AFDEKRAAM  3V  10138989,30
1414,2026-02-16,BERKER AFDEKRAAM  4V  10148989,12
1415,2026-02-09,BERKER AFDEKRAAM  5V  10158989,1
1415,2026-02-16,BERKER AFDEKRAAM  5V  10158989,128
1416,2026-02-09,BERKER AFDEKPL SCHAK 16208989,3
1416,2026-02-16,BERKER AFDEKPL SCHAK 16208989,30
1418,2026-02-09,BERKER AFDEKPL SERIE 16238989,10
1418,2026-02-16,BERKER AFDEKPL SERIE 16238989,90
14180,2026-02-09,BERKER AFDPL SCHAK 3P 16658989,32
14180,2026-02-16,BERKER AFDPL SCHAK 3P 16658989,30
1419,2026-02-09,BERKER KNOP DRAAIDIMM 11378989,18
1419,2026-02-16,BERKER KNOP DRAAIDIMM 11378989,10
1420,2026-02-09,BERKER AFDEKRAAM 1V WD 132809,94
1420,2026-02-16,BERKER AFDEKRAAM 1V WD 132809,10
1421,2026-02-09,BERKER AFDEKRAAM  2V WD 132909,30
1425,2026-02-09,BERKER TOERENTAL  REGEL 296801,6
1425,2026-02-16,BERKER TOERENTAL  REGEL 296801,16
1426,2026-02-09,BERKER KNOP TOER-REG 11378929,20
1427,2026-02-09,BERKER CENTR-STK DATA 11818989,2
1427,2026-02-16,BERKER CENTR-STK DATA 11818989,130
1428,2026-02-09,BERKER DRAAGPL 2-V DATA 454105,30
1428,2026-02-09,BERKER DRAAGPL 2-V DATA 454105,29
1428,2026-02-16,BERKER DRAAGPL 2-V DATA 454105,40
1429,2026-02-09,BERKER-UNI DRAAI DIMM 286210,2
1429,2026-02-16,BERKER-UNI DRAAI DIMM 286210,4
1430,2026-02-09,BERKER AFDICHTFLENS  V WD 1884,21
1430,2026-02-16,BERKER AFDICHTFLENS  V WD 1884,160
1472,2026-02-09,BERKER SCHAK WIS OPB  61300649,1
1473,2026-02-09,BERKER SCHAK 2P OPB  61300249,21
1475,2026-02-09,BERKER WCD OPB  220V  WD424005,9
1478,2026-02-09,BERKER SCHUKO-DUBB 6147548989,15
1478,2026-02-16,BERKER SCHUKO-DUBB 6147548989,40
1480,2026-02-16,BERKER DUBB SCHUKO IP44 427505,35
1481,2026-02-09,JALOEZIE SLEUTELSCHAK 327205,1
1496,2026-01-28,OPBOUW KAST 2 MOD 610090,4
1496,2026-02-09,OPBOUW KAST 2 MOD 610090,1
1497,2026-01-28,OPBOUW KAST 4 MOD 610091,17
1497,2026-02-09,OPBOUW KAST 4 MOD 610091,1
1506,2026-02-16,OPBOUWKAST 2-RIJ 36PE 610285,1
1507,2026-02-16,OPBOUWKAST4-RIJ VA 424 T 48PE,2
1508,2026-02-02,INB DOOS CT536 (323 X 518 X60),24
1509,2026-02-02,INB DOOS CT110 (108 X 108 X50),98
15091,2026-02-02,INB DOOS CT114 (168 X 117 X50),147
15092,2026-02-02,INB DOOS CT220 (217 X 217 X57),22
15093,2026-02-02,INB DOOS CT225 (250 X 250 X65),17
15094,2026-02-02,INB DOOS CT326 (222 X 318 X60),11
15095,2026-01-30,INB CT338 (404 X 404 X120),2
1510,2026-02-16,INBOUWKAST 1-RIJ BLD 610372,2
1511,2026-02-16,INBOUWKAST 2-RIJ  28MOD 610373,8
15140,2026-01-30,OPB.KAST WD 12MD CDN12PT/RR,21
15141,2026-01-29,OPBOUW KAST WD CS13PT/RR,4
15142,2026-01-26,OPBOUW KAST WD CSG13PT/RR,6
15142,2026-02-06,OPBOUW KAST WD CSG13PT/RR,1
15142,2026-02-16,OPBOUW KAST WD CSG13PT/RR,2
15143,2026-01-30,OPB.KAST WD 24MD CDN24PT/RR,1
15143,2026-01-30,OPB.KAST WD 24MD CDN24PT/RR,22
15143,2026-02-16,OPB.KAST WD 24MD CDN24PT/RR,15
15144,2026-01-30,OPB.KAST WD 36MD CDN36PT/RR,21
15144,2026-02-09,OPB.KAST WD 36MD CDN36PT/RR,1
15145,2026-01-30,OPB.KAST WD 54MD CDP54 PT/RR,12
15145,2026-01-30,OPB.KAST WD 54MD CDP54 PT/RR,17
15146,2026-02-16,OPB.KAST WD 18MD CDP 18PT/RR,8
15146,2026-02-16,OPB.KAST WD 18MD CDP 18PT/RR,10
15147,2026-02-16,OPB.KAST WD 36MD CDP 36PT2F/RR,2
1519,2026-02-09,OPB.KAST 3-RIJ WD 36MOD 610318,5
1520,2026-02-09,"GE AUTO 16A, 3P-2MOD C  UNIBIS",5
1520,2026-02-16,"GE AUTO 16A, 3P-2MOD C  UNIBIS",6
1521,2026-02-09,"GE AUTO 20A, 3P-2MOD C  UNIBIS",6
1521,2026-02-16,"GE AUTO 20A, 3P-2MOD C  UNIBIS",42
1522,2026-02-09,"GE AUTO 25A, 3P-2MOD C  UNIBIS",5
1522,2026-02-16,"GE AUTO 25A, 3P-2MOD C  UNIBIS",36
1523,2026-02-09,"GE AUTO 25A, 4P-2MOD C  UNIBIS",12
1523,2026-02-16,"GE AUTO 25A, 4P-2MOD C  UNIBIS",81
1524,2026-01-28,"GE AUTOMAAT 6A, 2P B  UNIBIS",6
1525,2026-02-09,"GE AUTOMAAT 6A, 1P+N B  UNIBIS",37
1526,2026-02-09,"GE  AUTOMAAT 40A, 2P C-KAR",5
1529,2026-01-28,"GE SCHAKELAAR  80A, 4POL",8
1532,2026-01-28,"GE SCHAKELAAR 100A, 4POL",36
1533,2026-02-16,"GE SCHAKELAAR 125A, 4POL",1
1535,2026-01-28,"GE AARDLEKSCHAKELAAR 63A, 30mA",7
1536,2026-01-28,"GE AARDLEKSCHAKEL 40A, 300mA",18
1537,2026-02-09,"GE AARDLEKSCHAKEL 63A, 300mA",1
1540,2026-02-09,GE AARDLEKSCHAK.40A-30mA 2-P,34
1543,2026-02-09,"GE  AUTOMAAT 25A, 1P+N C-KAR",92
1549,2026-01-28,"GE  AUTOMAAT 16A, 2POL B-KAR",186
1549,2026-02-09,"GE  AUTOMAAT 16A, 2POL B-KAR",62
1550,2026-01-28,"GE  AUTOMAAT 20A, 2POL B-KAR",34
1550,2026-02-09,"GE  AUTOMAAT 20A, 2POL B-KAR",2
1552,2026-02-09,"GE  AUTOMAAT 20A, 1P+N B-KAR",31
1553,2026-01-28,"GE  AUTOMAAT 25A, 1P+N B-KAR",181
1554,2026-01-28,"GE  AUTOMAAT 16A, 1P+N C-KAR",209
1554,2026-02-09,"GE  AUTOMAAT 16A, 1P+N C-KAR",1
1555,2026-01-28,"GE  AUTOMAAT 20A, 1P+N C-KAR",7
1555,2026-02-09,"GE  AUTOMAAT 20A, 1P+N C-KAR",5
1556,2026-01-28,"GE  AUTOMAAT 32A, 1P+N C-KAR",29
1557,2026-02-09,"GE  AUTOMAAT 16A, 2POL C-KAR",1
1560,2026-02-09,"GE  AUTOMAAT 32A, 2POL C-KAR",2
1561,2026-02-09,"GE  AUTOMAAT 16A, 3POL C-KAR",4
1561,2026-02-16,"GE  AUTOMAAT 16A, 3POL C-KAR",5
1562,2026-02-09,"GE  AUTOMAAT 20A, 3POL C-KAR",2
1562,2026-02-16,"GE  AUTOMAAT 20A, 3POL C-KAR",49
1563,2026-02-09,"GE  AUTOMAAT 25A, 3POL C-KAR",3
1564,2026-02-09,"GE  AUTOMAAT 32A, 3POL C-KAR",10
1564,2026-02-16,"GE  AUTOMAAT 32A, 3POL C-KAR",29
1565,2026-02-09,"GE  AUTOMAAT 40A, 3POL C-KAR",5
1565,2026-02-16,"GE  AUTOMAAT 40A, 3POL C-KAR",4
1566,2026-02-09,"GE AUTOMAAT 50A, 3POL C-KAR",6
1566,2026-02-16,"GE AUTOMAAT 50A, 3POL C-KAR",51
1567,2026-02-09,"GE  AUTOMAAT 63A, 3POL C-KAR",6
1567,2026-02-16,"GE  AUTOMAAT 63A, 3POL C-KAR",20
1569,2026-02-16,"GE  AUTOMAAT 32A, 3P+N C-KAR",8
1570,2026-02-16,"GE  AUTOMAAT 40A, 3P+N C-KAR",41
1571,2026-02-16,"GE  AUTOMAAT 50A, 3P+N C-KAR",30
1574,2026-02-09,"GE  AUTOMAAT 100A, 3P+N C KAR",5
1574,2026-02-16,"GE  AUTOMAAT 100A, 3P+N C KAR",8
1575,2026-02-09,"GE  AUTOMAAT 125A, 3P+N C-KAR",4
1576,2026-02-16,"GE  AUTOMAAT 16A, 3P+N C-KAR",7
1577,2026-02-09,"GE  AUTOMAAT 20A, 3P+N C-KAR",7
1577,2026-02-16,"GE  AUTOMAAT 20A, 3P+N C-KAR",15
1578,2026-02-09,"GE  AUTOMAAT 16A, 3P+N B-KAR",16
1580,2026-02-09,GALAX Q22 TIJDKLOK 2 KANAL,3
15801,2026-02-09,GALAX Q21 TIJDKLOK 1 KANAL,2
15802,2026-02-09,GALAX Q11 TIJDKL 1 KANAL 1MOD,9
1591,2026-02-09,VERB-KAM 0,54
1594,2026-02-09,JSL VERDEELBLOK 160 A 160134BD,1
1595,2026-02-09,GE RELAY 2P 20 A,96
15951,2026-02-09,GE RELAY 4P 24 A,6
15952,2026-01-28,GE RELAY 4P 40 A,49
15952,2026-02-09,GE RELAY 4P 40 A,6
15953,2026-02-09,RCBO C/DM60 A 16/030//012,3
15958,2026-02-09,HANDLE L ZW D4  400A,22
15959,2026-02-09,FE250-Breaker-36kA FEV46TA250K,1
15962,2026-02-09,RCBO C/DM60 A 25/030//012,2
15963,2026-02-09,RCBO C/DM60 A 25/300//012,2
15965,2026-02-09,RCBO C/DM60 A 20/030//012,2
15967,2026-02-09,G60   1P+N   6A  C   /012  GE,6
15971,2026-02-09,FEBSS4-Terminal SpreaderFlat-4,1
15972,2026-02-09,3 MOD NET ANALY 665010,3
15975,2026-02-09,FG-TERMINAL 400/630 431982,1
15982,2026-02-09,GE 436506 MANDO ROT,1
15984,2026-02-09,GE 433413 FG-TERMINAL,8
1611,2026-02-16,OPB.KAST OLINTHOS 2RIJ 24 PE,22
1612,2026-02-16,OPB.KAST OLINTHOS 3RIJ 36 PE,2
1627,2026-02-16,PLP4080,5
1628,2026-02-16,ZCL 1040,4
1629,2026-02-16,TAPA 48642,1
1630,2026-02-16,TCF4040,4
1632,2026-02-16,TCA6080,10
1633,2026-02-16,PACKSUP S144P200,1
1634,2026-02-16,PACKSUP S120P200,6
1635,2026-02-16,PACK SUP S96P200,4
16351,2026-02-16,PACK SUP S72P200,2
1637,2026-02-16,ZCL 1080,1
1639,2026-02-16,PACK UNION 48112,2
1640,2026-02-16,KIT SUJECION 48156 DINRAIL,10
1642,2026-02-16,TMA3080,10
1643,2026-02-05,PMB400,6
1644,2026-02-16,PLP3080,1
1649,2026-01-28,OPBOUWKAST IDE ARM.40COM72,2
1650,2026-02-16,IDE RAIL SOPORT 160-400A 48454,12
1651,2026-01-30,RAIL COPPER 30X10X2000 48803,8
16510,2026-01-30,RAIL COPPER 20X5X1000 48794,9
16510,2026-02-06,RAIL COPPER 20X5X1000 48794,1
1652,2026-02-16,IDE AARDE 48452 KIT TIERRA,6
1653,2026-02-16,OPBOUWKAST IDE ARM.40COM96,5
1654,2026-02-16,OPBOUWKAST IDE ARM.40COM120,7
1655,2026-02-04,OPBOUWKAST IDE ARM.40COM144,29
1656,2026-02-16,MOELLER OPB BF-0-4/96,8
1657,2026-02-16,MOELLER OPB BF-0-5/120,1
1657,2026-02-16,MOELLER OPB BF-0-5/120,1
1657,2026-02-16,MOELLER OPB BF-0-5/120,1
1658,2026-02-16,MOELLER OPB BF-0-6/144,3
1659,2026-02-16,MOELLER OPB BF-0-3/72,7
1659,2026-02-16,MOELLER OPB BF-0-3/72,1
1661,2026-02-16,MOELLER INB BF-U-5/165,2
1664,2026-02-16,MOELLER INB BF-U-4/96,7
1664,2026-02-16,MOELLER INB BF-U-4/96,2
1665,2026-02-16,MOELLER INB BF-U-5/120,2
1666,2026-02-16,MOELLER INB BF-U-6/144,5
1699,2026-02-16,ETI AFDEK STROOK 2911003,372
1700,2026-01-27,ETI 2423423 SCHAKELAAR 4P 40A,9
1701,2026-01-27,ETI 2423414 SCHAKELAAR 4P 63A,25
1701,2026-02-09,ETI 2423414 SCHAKELAAR 4P 63A,2
1702,2026-01-27,ETI 2423415 SCHAKELAAR 4P 80A,48
1702,2026-02-09,ETI 2423415 SCHAKELAAR 4P 80A,2
1703,2026-01-27,ETI 2423416 SCHAKELAAR 4P 100A,36
1704,2026-01-27,ETI 2423417 SCHAKELAAR 4P 125A,38
1704,2026-02-09,ETI 2423417 SCHAKELAAR 4P 125A,1
1705,2026-01-27,ETI AARDLEKSCH 4P 40A 30 mA,11
1705,2026-02-09,ETI AARDLEKSCH 4P 40A 30 mA,5
1706,2026-01-27,ETI AARDLEKSCH 4P 63A 30 mA,57
1706,2026-02-09,ETI AARDLEKSCH 4P 63A 30 mA,1
1707,2026-01-27,ETI AARDLEKSCH 4P 40A 300mA,37
1707,2026-02-09,ETI AARDLEKSCH 4P 40A 300mA,3
1708,2026-01-27,ETI AARDLEKSCH 4P 63A 300 mA,32
1708,2026-02-09,ETI AARDLEKSCH 4P 63A 300 mA,2
1709,2026-02-16,ETI  AUTOMAAT6KA 6A 1P+N BKAR,6
1710,2026-02-09,ETI  AUTOMAAT6KA 16A 1P+N BKAR,6
1710,2026-02-16,ETI  AUTOMAAT6KA 16A 1P+N BKAR,50
1711,2026-02-09,ETI  AUTOMAAT6KA 16A 1P+N CKAR,11
1711,2026-02-16,ETI  AUTOMAAT6KA 16A 1P+N CKAR,22
1712,2026-02-16,ETI  AUTOMAAT6KA 20A 1P+N CKAR,20
1713,2026-02-09,ETI  AUTOMAAT6KA 25A 1P+N CKAR,8
1713,2026-02-16,ETI  AUTOMAAT6KA 25A 1P+N CKAR,10
1714,2026-02-09,ETI  AUTOMAAT6KA 50A 1P+N CKAR,10
1714,2026-02-16,ETI  AUTOMAAT6KA 50A 1P+N CKAR,8
1715,2026-02-09,ETI AUTOMAAT 6KA 1P+N 25A B,9
1715,2026-02-16,ETI AUTOMAAT 6KA 1P+N 25A B,4
1716,2026-02-09,ETI AUTOMAAT 6KA 2P 16A CKAR,4
1717,2026-02-16,ETI AUTOMAAT 6KA 2P 16A B KAR,20
1718,2026-02-16,ETI AUTOMAAT 6KA 2P 20A CKAR,23
1719,2026-02-16,ETI AUTOMAAT 6KA 2P 25A CKAR,60
1720,2026-02-16,ETI AUTOMAAT 6KA 3P 16A CKAR,12
1721,2026-02-16,ETI AUTOMAAT 6KA 3P 20A C KAR,27
1722,2026-02-16,ETI AUTOMAAT 6KA 3P 25A C KAR,14
1723,2026-02-09,ETI AUTOMAAT 6KA 3P 32A C KAR,1
1723,2026-02-16,ETI AUTOMAAT 6KA 3P 32A C KAR,24
1724,2026-02-09,ETI AUTOMAAT 6KA 3P 40A CKAR,1
1724,2026-02-16,ETI AUTOMAAT 6KA 3P 40A CKAR,19
1725,2026-02-09,ETI AUTOMAAT 6KA 3P 50A CKAR,1
1725,2026-02-16,ETI AUTOMAAT 6KA 3P 50A CKAR,19
1726,2026-02-16,ETI AUTOMAAT 6KA 3P 63A CKAR,33
1727,2026-02-16,ETI AUTOMAAT 6KA 3P+N 16A BKAR,2
1728,2026-02-09,ETI AUTOMAAT 6KA 3P+N 16A CKAR,2
1728,2026-02-16,ETI AUTOMAAT 6KA 3P+N 16A CKAR,176
1730,2026-02-09,ETI AUTOMAAT 6KA 3P+N 32A CKAR,2
1730,2026-02-16,ETI AUTOMAAT 6KA 3P+N 32A CKAR,2
1731,2026-02-09,ETI AUTOMAAT 6KA 3P+N 40A CKAR,1
1731,2026-02-16,ETI AUTOMAAT 6KA 3P+N 40A CKAR,19
1732,2026-02-16,ETI AUTOMAAT 6KA 3P+N 50A CKAR,27
1733,2026-02-16,ETI AUTOMAAT 6KA 3P+N 63A CKAR,52
1734,2026-01-27,ETI AARDLEK AUTOM 1P+N16A B 30,17
1734,2026-02-09,ETI AARDLEK AUTOM 1P+N16A B 30,3
1735,2026-02-09,ETI AARDLEK AUTOM 1P+N16A C 30,17
1736,2026-01-27,ETI AUTOMAAT 6KA 3P+N 20A CKAR,330
1737,2026-02-16,ETI AUTOMAAT 6KA 3P+N 6A BKAR,2
1738,2026-02-09,ETI AUTOMAAT 6KA 3P+N 6A CKAR,2
1738,2026-02-16,ETI AUTOMAAT 6KA 3P+N 6A CKAR,3
1739,2026-02-16,ETI AUTOMAAT 6KA 2P 32A CKAR,43
1740,2026-02-16,ETI AUTOMAAT 6KA 2P 40A CKAR,41
1741,2026-01-27,ETI AUTOMAAT 6KA 2P 6A B KAR,496
1742,2026-02-16,ETI  AUTOMAAT6KA 32A 1P+N CKAR,9
1743,2026-01-27,ETI  AUTOMAAT15KA 80A 3P+N C,16
1743,2026-02-09,ETI  AUTOMAAT15KA 80A 3P+N C,1
1744,2026-01-27,ETI  AUTOMAAT15KA 100A 3P+N C,23
1745,2026-01-27,ETI  AUTOMAAT15KA 125A 3P+N C,11
1745,2026-01-27,ETI  AUTOMAAT15KA 125A 3P+N C,14
1746,2026-02-09,ETI 2421311 OMSCHAKELAAR 16A,24
1747,2026-02-09,ETI  CRM-91 H TIJD RELAY,7
1748,2026-01-27,ETI TIJDKLOK SHT 1 KANAL 230V,10
1748,2026-02-09,ETI TIJDKLOK SHT 1 KANAL 230V,4
1749,2026-01-27,ETI TIJDKLOK SHT 2 KANAL 230V,15
1749,2026-02-09,ETI TIJDKLOK SHT 2 KANAL 230V,5
1750,2026-01-27,ETI  MAGNEET SCHAKELAAR 2P 20A,64
1750,2026-02-09,ETI  MAGNEET SCHAKELAAR 2P 20A,2
1750,2026-02-09,ETI  MAGNEET SCHAKELAAR 2P 20A,1
1751,2026-01-27,ETI  MAGNEET SCHAKELAAR 4P 25A,61
1752,2026-01-27,ETI MAGNEET SCHAKELAAR 4P 40A,26
1753,2026-01-27,ETI  MAGNEET SCHAKELAAR 4P 63A,92
1753,2026-02-09,ETI  MAGNEET SCHAKELAAR 4P 63A,3
1755,2026-01-27,ETI AARDLEK AUTOM 2P B16 30MA,46
1755,2026-02-09,ETI AARDLEK AUTOM 2P B16 30MA,1
1758,2026-01-27,ETI AARDLEK AUTOM 2P C25 30MA,68
1761,2026-01-27,ETI VERMOGENS AUTOM EB 400/4S,2
1765,2026-01-27,ETI AARDLEKSCH 4P 80A 30 mA,8
1765,2026-02-09,ETI AARDLEKSCH 4P 80A 30 mA,1
1766,2026-01-27,ETI AARDLEKSCH 4P 100A 30 mA,14
1766,2026-02-09,ETI AARDLEKSCH 4P 100A 30 mA,1
1767,2026-01-27,ETI AARDLEKSCH 4P 80A 300 MA,7
1767,2026-02-09,ETI AARDLEKSCH 4P 80A 300 MA,2
1768,2026-01-27,ETI AARDLEKSCH 4P 100A 300 MA,5
1768,2026-02-09,ETI AARDLEKSCH 4P 100A 300 MA,1
1769,2026-02-09,ETI  AUTOMAAT6KA B40 1P B KAR,12
1769,2026-02-16,ETI  AUTOMAAT6KA B40 1P B KAR,28
1770,2026-01-27,ETI AARDLEKSCH 4P 100A 100 mA,3
1771,2026-01-27,ETI 2444005 TNC-S 25/100 4+0,9
1771,2026-02-09,ETI 2444005 TNC-S 25/100 4+0,1
1772,2026-02-09,ETI 4671147 SHUNTDA2 AC200-240,5
1773,2026-02-09,ETI 4671149 SHUNT DC 24V,5
1774,2026-02-09,ETI 4671153 UNDERV AC 200-240,5
1775,2026-02-09,ETI 4671155 UNDERV DC 24V,1
1777,2026-02-09,ETI 2159301 DA ETIMAT 10 230V,20
1778,2026-02-09,ETI 2159312 DA ETIMAT 10 24V,18
1779,2026-02-09,ETI AARDLEKSCH 4P 40A 100 mA,3
1784,2026-01-27,ETI AARDLEK AUTOM 1P+N25A C 30,6
1786,2026-02-09,ETI  HULPCONTACT BLOK BCXMLE11,1
1788,2026-02-16,ETI  4804051 KWH METER 3X63A D,2
1800,2026-02-16,CA-32 CAJA VACIA TAPA TRANSPAR,1
1801,2026-02-16,CA-33 CAJA VACIA TAPA TRANSPAR,2
1802,2026-02-16,CA-43 CAJA VACIA TAPA TRANSPAR,5
1804,2026-02-16,CA-63 CAJA VACIA TAPA TRANSPAR,25
1804,2026-02-16,CA-63 CAJA VACIA TAPA TRANSPAR,1
1805,2026-02-03,CA-64 CAJA VACIA TAPA TRANSPAR,2
1805,2026-02-16,CA-64 CAJA VACIA TAPA TRANSPAR,3
1805,2026-02-16,CA-64 CAJA VACIA TAPA TRANSPAR,4
1806,2026-02-03,CA-66 CAJA VACIA TAPA TRANSPAR,16
1808,2026-02-04,CA-86A CAJA VACIA TAPA TRANSP,1
1808,2026-02-04,CA-86A CAJA VACIA TAPA TRANSP,7
1808,2026-02-16,CA-86A CAJA VACIA TAPA TRANSP,5
1809,2026-02-05,PP-32 PLACA POLIESTER PP-32,12
1810,2026-02-05,PP-33 PLACA POLIESTER PP-33,19
1811,2026-02-16,PP-43 PLACA POLIESTER PP-43,31
1812,2026-02-16,PP-44 PLACA POLIESTER PP-44,26
1813,2026-02-16,PP-63 PLACA POLIESTER PP-63,39
18131,2026-02-16,PP-64 PLACA POLIESTER PP-64,46
1814,2026-02-16,PP-66 PLACA POLIESTER PP-66,27
1815,2026-02-16,PP-84 PLACA POLIESTER PP-84,16
1817,2026-02-04,CU-32 CAJA CUERPO CA-32,21
1818,2026-02-04,CU-33 CAJA CUERPO CA-33,15
1819,2026-02-04,CU-44 CAJA CUERPO CA-44,28
1820,2026-02-04,CU-43 CAJA CUERPO CA-43,22
1821,2026-02-04,CU-63 CAJA CUERPO CA-63,39
18211,2026-02-05,CU-64 CAJA CUERPO CA-64,49
1822,2026-02-05,CU-66 CAJA CUERPO CA-66,6
1822,2026-02-16,CU-66 CAJA CUERPO CA-66,3
1822,2026-02-16,CU-66 CAJA CUERPO CA-66,6
1824,2026-02-16,CU-86 CAJA CUERPO CA-86,5
1825,2026-02-05,TT-32-CJ TAPA POLICARB.TRANSP.,11
1826,2026-02-05,TT-33-CJ TAPA POLICARB.TRANSP.,13
1826,2026-02-16,TT-33-CJ TAPA POLICARB.TRANSP.,13
1827,2026-02-05,TT-43-CJ TAPA POLICARB.TRANSP.,9
1827,2026-02-16,TT-43-CJ TAPA POLICARB.TRANSP.,11
1828,2026-02-05,TT-44-CJ TAPA POLICARB.TRANSP.,25
1828,2026-02-16,TT-44-CJ TAPA POLICARB.TRANSP.,25
1829,2026-02-16,TT-63-CJ TAPA POLICARB.TRANSP.,13
1829,2026-02-16,TT-63-CJ TAPA POLICARB.TRANSP.,5
1830,2026-02-05,TT-64-CJ TAPA POLICARB.TRANSP.,44
1831,2026-02-05,TT-66-CJ TAPA POLICARB.TRANSP.,10
1831,2026-02-16,TT-66-CJ TAPA POLICARB.TRANSP.,16
1832,2026-02-05,TT-84A-CJ TAPA POLICARB.TRANSP,10
1833,2026-02-04,TT-86A-CJ TAPA POLICARB.TRANSP,7
1833,2026-02-05,TT-86A-CJ TAPA POLICARB.TRANSP,15
1833,2026-02-16,TT-86A-CJ TAPA POLICARB.TRANSP,4
1834,2026-02-05,TO-32-CJ TAPA POLICARB.OPACO C,12
1835,2026-02-05,TO-33-CJ TAPA POLICARB.OPACO C,18
1835,2026-02-16,TO-33-CJ TAPA POLICARB.OPACO C,35
18351,2026-02-05,TO-43-CJ TAPA POLICARB.OPACO C,17
1836,2026-02-05,TO-44-CJ TAPA POLICARB.OPACO C,8
1837,2026-02-05,TO-63-CJ TAPA POLICARB.OPACO C,22
1837,2026-02-16,TO-63-CJ TAPA POLICARB.OPACO C,22
1838,2026-02-05,TO-66-CJ TAPA POLICARB.OPACO C,9
1838,2026-02-16,TO-66-CJ TAPA POLICARB.OPACO C,9
1839,2026-02-05,TO-84A-CJ TAPA POLICARB.OPACO,6
1839,2026-02-16,TO-84A-CJ TAPA POLICARB.OPACO,6
1839,2026-02-16,TO-84A-CJ TAPA POLICARB.OPACO,12
1840,2026-02-05,TO-86A-CJ TAPA POLICARB.OPACO,6
1840,2026-02-16,TO-86A-CJ TAPA POLICARB.OPACO,4
1840,2026-02-16,TO-86A-CJ TAPA POLICARB.OPACO,6
1841,2026-02-16,CHASSIS CA-33-1 EN KIT,21
1841,2026-02-16,CHASSIS CA-33-1 EN KIT,78
1842,2026-02-16,CHASSIS CA-43-1 EN KIT,60
1843,2026-02-16,CHASSIS CA-44-1 EN KIT,24
1844,2026-02-16,CHASSIS CA-63-1 EN KIT,13
1844,2026-02-16,CHASSIS CA-63-1 EN KIT,27
1845,2026-02-16,CHASSIS CA-64-1 EN KIT,37
1846,2026-02-05,TC-02-CJ TAPA CIEGA C/JUNTA,25
1847,2026-02-05,TC-03-CJ TAPA CIEGA C/JUNTA,33
1848,2026-02-05,TC-04-CJ TAPA CIEGA C/JUNTA,57
1849,2026-02-05,BA-20-CJ BRIDA ACOP.C/JUNTA,16
1850,2026-02-04,BA-30-CJ BRIDA ACOP.C/JUNTA,125
1851,2026-02-05,BA-40-CJ BRIDA ACOP.C/JUNTA,102
1852,2026-02-04,CC-03-CJ CAJA CABLES CIEGA,24
1852,2026-02-16,CC-03-CJ CAJA CABLES CIEGA,28
1853,2026-02-04,CC-04-CJ CAJA CABLES CIEGA,27
1854,2026-02-04,RE-63 REGRUESO PARA CA-63,10
1855,2026-02-05,RE-64 REGRUESO PARA CA-64,80
18551,2026-02-04,RE-66 REGRUESO PARA CA-66,1
1856,2026-02-04,BRES-325 ARMARIO VACIO NORMAL,4
1857,2026-02-04,BRES-43 ARMARIO VACIO NORMAL,10
1857,2026-02-04,BRES-43 ARMARIO VACIO NORMAL,5
18571,2026-02-04,BRES-54 ARMARIO VACIO NORMAL,12
1858,2026-02-04,BRES-64 ARMARIO VACIO NORMAL,3
1859,2026-02-04,BRES-65 ARMARIO VACIO NORMAL,9
1860,2026-02-04,BRES-86 ARMARIO VACIO NORMAL,3
1862,2026-02-16,ART-107 ARM.TEJADILLO 1000X750,3
18631,2026-02-05,PBM-325 PLACA METALICA,4
1864,2026-02-05,PBM-43 PLACA METALICA,13
18641,2026-02-05,PBM-54 PLACA METALICA,10
1865,2026-02-05,PBM-64 PLACA METALICA PBM-64,15
1866,2026-02-05,PBM-65 PLACA METALICA PBM-65,14
1867,2026-02-04,PBM-86 PLACA METALICA PBM-86,7
1868,2026-02-04,CHM-325 CHASIS MODULAR BRES,3
1869,2026-02-04,CHM-43 CHASIS MODULAR BRES,5
18691,2026-02-04,CHM-54 CHASIS MODULAR BRES,12
1870,2026-02-04,CHM-64 CHASIS MODULAR BRES,2
1871,2026-02-04,CHM-65 CHASIS MODULAR BRES,5
1872,2026-02-04,CHM-86 CHASIS MODULAR BRES,3
1873,2026-02-05,PMM-75 PLACA MONT.ART75,5
1874,2026-02-05,PMM-107 PLACA . PARA ART 107,5
1878,2026-02-16,CR-350 CAJA REPART.CABLE 50MM,1
1879,2026-02-16,CR-395 CAJA REPART.CABLE 95MM,2
1880,2026-02-04,DV-M DISPOSITIVO VENTILACION,6
1881,2026-02-04,DV-G DISPOSITIVO VENTILACION G,11
1882,2026-02-04,OFC-4000 OREJA FIJACION  CAJA,39
1883,2026-02-04,TFT-400 TORNILLO PARA CAJA,107
1884,2026-02-04,TFT-400M TONILLO MANUAL,87
1885,2026-02-06,HH 1042705 C-PROFIEL,12
1886,2026-02-04,OFM-14 OREJA FIJACION MURAL 4U,42
1887,2026-02-03,HH1021489 RAILSTEUN 15X8MM,50
18871,2026-02-03,HH1021487 RAILST 15X4 R430/4,26
1888,2026-02-03,HH1021489 RAILSTEUN 15X16MM,25
18881,2026-02-03,HH1021490 RAILST 15X24 R430/24,11
18892,2026-02-03,HH1763916 AFTAKSTRIP 250 NUL,8
1890,2026-02-03,HH 1764.194 AFTAKSET DMV 400L,8
1891,2026-02-03,HH 1764.249 AFTAKSET BOVEN N,8
1892,2026-02-03,HH 1764.116 AFTAKSET DMV630L,11
1893,2026-02-03,HH 1764.114 AFTAKSET DMV630NUL,12
1894,2026-02-04,HH 1764.130 AFTAKSET DMV 1000L,1
1895,2026-02-04,HH 1764.132 AFTAKSET 1000A NUL,1
1896,2026-02-04,HH 1014.946 AFTAKBLOK 6X16MM,36
1897,2026-02-04,HH 1014.316 RAILKOPPEL  A70/12,9
1898,2026-02-04,HH 1014.317 RAILKOPPEL  A70/16,12
18981,2026-02-04,HH1014761 AFTAKKLEM M6X30,45
1899,2026-02-04,HH 1014.762 AFTAKKLEM 6X40,120
1901,2026-02-04,HH 1014.764 AFTAKKLEM M6X60,172
1906,2026-02-04,HH 1014.939 AARDRAILSET 219 MM,17
1906,2026-02-16,HH 1014.939 AARDRAILSET 219 MM,1
1907,2026-02-04,HH 1014.940 AARDRAILSET 299 MM,17
1908,2026-02-04,HH 1021.008 RUB INV.TULE10-60,65
1909,2026-02-04,HH 1021.010 RUB INVTULE 12-80,54
1910,2026-02-04,HH 1042.705 BEV.MUUR 85X23,3
1913,2026-02-04,HH 1015.912 AANSL KLEM 1X95 M8,40
1914,2026-02-04,HH 1015.913 AANSL KLEM 1X185,44
1915,2026-02-04,HH 1015.914 AANSL KLEM 3X95,22
1920,2026-02-16,RAILKOPER VERN 15X8MM,29
1921,2026-02-04,HH1042253 OPVULSTRIP 20X45,4
1922,2026-02-04,HH1021006 INV TULE PG21 E 62B,28
1922,2026-02-09,HH1021006 INV TULE PG21 E 62B,5
1923,2026-02-04,HH1021007 INV TULE PG29 E62C,25
1923,2026-02-09,HH1021007 INV TULE PG29 E62C,5
1924,2026-02-03,HH1860736 EINDKAP UR403/4 15X4,45
1925,2026-02-03,HH1860737 EINDKAP UR403/8 15X8,41
1926,2026-02-03,HH1860738 EINDK UR403/16 15X16,14
19261,2026-02-03,HH1860739 EINDK UR403/24 15X24,58
1927,2026-02-09,DINRAIL TS35/F5 GEPERF-OMEGA,23
19271,2026-02-05,PRONUTEC OPB.KAST 1000X750,1
19271,2026-02-16,PRONUTEC OPB.KAST 1000X750,1
19272,2026-02-05,PRONUTEC OPB.KAST 1000X1000,1
1931,2026-02-16,SCHAKELKAST&SCHAKELAAR 400A,2
1933,2026-01-29,HOOFDSCHAKELAAR 125A S5000,5
1934,2026-01-29,HOOFDSCHAKELAAR 160A INBUS,20
1935,2026-01-29,HOOFDSCHAKELAAR 160A S5000,23
1936,2026-01-29,HOOFDSCHAKELAAR 250A,3
1937,2026-01-29,HOOFDSCHAKELAAR 400A,3
1937,2026-02-16,HOOFDSCHAKELAAR 400A,7
1938,2026-01-29,HOOFDSCHAKELAAR 630A,7
1939,2026-01-29,HOOFDSCHAKELAAR 800A,4
1940,2026-01-29,HOOFDSCHAKELAAR 1000A,4
1941,2026-01-28,PANELHANDLE 40A - 250A-DS-SA01,2
1941,2026-01-28,PANELHANDLE 40A - 250A-DS-SA01,13
1941,2026-02-16,PANELHANDLE 40A - 250A-DS-SA01,12
1942,2026-02-06,DIRECT HANDEL 40A T/M 250A-CD,3
1942,2026-02-16,DIRECT HANDEL 40A T/M 250A-CD,22
1943,2026-02-16,DIRECT HANDLE 250A T/M 400A-CD,1
1943,2026-02-16,DIRECT HANDLE 250A T/M 400A-CD,12
1944,2026-02-16,PANEL HANDEL 250A T/M 400A-CD,8
1945,2026-01-28,DIRECT HANDLE 400A T/M 800A-CD,6
1946,2026-01-28,PANELHANDEL 500A 800A- DCCLA21,8
1946,2026-02-16,PANELHANDEL 500A 800A- DCCLA21,15
1947,2026-01-27,EXTENDEDSHAFT 40A-250A L=187MM,24
1949,2026-01-27,EXTENDEDSHAFT 250A-400A L=340,5
1950,2026-02-16,DIRECT HANDLE 800A-1000A-CD,9
1951,2026-02-16,PANELHANDEL 800A-1250A-DS-LA31,8
1952,2026-01-27,EXTENDEDSHAFT 800A-1000A L=299,2
1954,2026-01-29,OMSCHAKELAAR 63A 3P+N,3
1954,2026-02-16,OMSCHAKELAAR 63A 3P+N,13
1955,2026-01-29,OMSCHAKELAAR 80A 3P+N,16
1957,2026-01-29,OMSCHAKELAAR 160A 3P,4
1958,2026-02-16,OMSCHAKELAAR 250A 3P+N,7
1959,2026-01-28,OMSCHAKELAAR 400A 3P+N,8
1959,2026-01-29,OMSCHAKELAAR 400A 3P+N,3
1959,2026-01-29,OMSCHAKELAAR 400A 3P+N,1
1960,2026-01-29,OMSCHAKELAAR 630A 3P+N,2
1961,2026-02-16,DINRAIL KIT VOOR OMSCH 40A/16A,34
1962,2026-02-16,DIRECT HANDLE 40A-200A-CD,10
1963,2026-01-28,DIRECT HANDLE 200A-400A OMKEER,12
1964,2026-01-28,DIRECT HANDLE 630A-800A OMKEER,15
1964,2026-02-16,DIRECT HANDLE 630A-800A OMKEER,9
1965,2026-02-16,DOORVERBINDINGSET 40A T/M 80A,3
1966,2026-02-16,DOORVERBINDINGSET 125AT/M200A,4
1967,2026-01-27,EXTENDEDSHAFT 200A-1250A L=414,6
1968,2026-01-28,SCHAKELAAR MESPATR INB 125A,7
1969,2026-01-28,SCHAKELAAR MESPATR INB 160A,2
1970,2026-01-28,SCHAKELAAR MESPATR INB 250A,5
1971,2026-01-28,SCHAKELAAR MESPATR INB 400A,3
1972,2026-01-28,SCHAKELAAR MESPATR INB 630A,3
1972,2026-02-16,SCHAKELAAR MESPATR INB 630A,1
1973,2026-02-16,DIRECT HANDLE 125A-160A-M11,26
1974,2026-02-16,DIRECT HANDLE 250A-630A-M21,3
1975,2026-01-28,PANELHANDEL 125A-160A- DCELAB1,5
1976,2026-01-28,PANEL HANDEL 250A-400A-M21,7
1976,2026-02-06,PANEL HANDEL 250A-400A-M21,2
1977,2026-01-28,PANEL HANDEL 630A-M21,1
1978,2026-01-27,EXTENDEDSHAFT 40A-250A L=347MM,4
1979,2026-01-27,EXTENDED SHAFT 250A-630A M21,3
1980,2026-01-27,EXTENDED SHAFT 630A M21,2
1985,2026-02-16,MESPATROON HOUDER 160 A-NH-00,36
1987,2026-02-16,MESPATROON HOUDER 250 A-NH-1,1
1988,2026-02-16,MESPATROON HOUDER 400 A-NH-2,22
1989,2026-02-09,NEUTRAL BASES 250A-400A,4
1991,2026-02-16,SCHAKELKAST MESPATROON 250A,4
1992,2026-02-16,SCHAKELKAST MESPATROON 400A,5
1993,2026-02-16,SCHAKELKAST MESPATROON 630A,6
1995,2026-01-29,OMSCHAKELAAR 160A 3P+N,2
1995,2026-02-16,OMSCHAKELAAR 160A 3P+N,5
1997,2026-02-06,HOOFDSCHAKELAAR 1250A 3P+N,1
2006,2026-02-16,SCHIJDER NH 00 SPECIAL,100
2998,2026-02-16,SF-30 CABLE CUTTER UP TO 35 MM,23
2999,2026-02-16,WIHA SLIM SELECTION-SET 10 DLG,7
3001,2026-02-06,STEENBOOR 5 mm,28
3001,2026-02-06,STEENBOOR 5 mm,7
3002,2026-02-16,STEENBOOR 6 mm,40
3003,2026-02-16,STEENBOOR 7 mm,30
3005,2026-02-16,SF-21CABLE CUTTER UP TO 16 MM,5
3006,2026-02-16,SF-31CABLE CUTTER UP TO 50 MM,10
3009,2026-02-09,SF-17 KABELSCHOEN TANG 6-50MM,2
3010,2026-01-30,"BUIGVEER 5/8"" 1 mtr",13
3013,2026-01-30,"BUIGVEER 5/8"" 2 mtr",3
3015,2026-02-02,TREKVEER 20 mtr,220
3016,2026-02-02,TREKVEER 30 mtr,30
3017,2026-02-09,SF-37 KABELSCHOEN TANG 6-120MM,5
3018,2026-02-16,SF-23 KABELSCHOEN TANG 6-25MM,10
3019,2026-02-16,SF-8 KABELSCHOEN TANG 1.5-16MM,6
3020,2026-02-16,"SF-42 HULS TANG SIDE 0,5-6MM",9
3021,2026-02-16,"SF-54 HULS TANG S 1,5-6MM",11
3023,2026-02-16,SF-56 HULS TANG  10-35MM,1
3027,2026-02-16,SF-22 KABELSTRIPER 0.75 / 6MM,3
3028,2026-02-16,SF-38 KABEL STRIPPER 4-25MM,4
3030,2026-02-06,TAPE 10 mtr BRUIN,77
3031,2026-02-06,TAPE 10 mtr ZWART,8
3031,2026-02-16,TAPE 10 mtr ZWART,6
3032,2026-02-06,TAPE 10 mtr BLAUW,107
3032,2026-02-16,TAPE 10 mtr BLAUW,1
3033,2026-02-06,TAPE 10 mtr GR/GL,80
3033,2026-02-16,TAPE 10 mtr GR/GL,1
3034,2026-02-06,TAPE 20 mtr BRUIN,92
3035,2026-02-06,TAPE 20 mtr ZWART,3
3035,2026-02-16,TAPE 20 mtr ZWART,9
3036,2026-02-06,TAPE 25 mtr BLAUW,63
3036,2026-02-16,TAPE 25 mtr BLAUW,11
3037,2026-02-06,TAPE 25 mtr GR/GL,24
3103,2026-01-30,FOCO LED A19 6W 540LM 3000K,178
3104,2026-01-30,FOCO LED A19 6W 540LM 6500K,48
3104,2026-01-30,FOCO LED A19 6W 540LM 6500K,308
3105,2026-02-09,FOCO LED A60 9W 800LM 6500K,1
3106,2026-01-30,FOCO LED T140 BASE E27 50W 65K,9
3106,2026-02-06,FOCO LED T140 BASE E27 50W 65K,1
3107,2026-01-30,FOCO LED T150 100W 6500K 9000L,34
3108,2026-02-02,"TUBO LED T8, 9W 800LM 6500K",550
3108,2026-02-09,"TUBO LED T8, 9W 800LM 6500K",14
3109,2026-02-02,TUBO LED T8 18W1600LM 6500K,75
3109,2026-02-09,TUBO LED T8 18W1600LM 6500K,18
3110,2026-01-30,RECESADO REDONDO 6W 360LM 3K,57
31101,2026-01-30,RECESADO REDONDO 6W 387LM 6K,114
3111,2026-01-30,RECESADO REDONDO 12W 720LM 3K,103
3112,2026-01-30,RECESADO REDONDO 12W 720LM 6K,10
3112,2026-02-06,RECESADO REDONDO 12W 720LM 6K,1
3113,2026-01-30,RECESADO REDONDO12W CCT,60
3114,2026-01-30,RECESADO REDONDO 18W 1440LM 6K,70
3115,2026-01-30,RECESADO REDONDO 18W CCT,101
3116,2026-01-30,RECESADO REDONDO 24W 2035LM 6K,46
3117,2026-01-30,SUPERFICIAL REDONDO 18W CCT,55
3118,2026-01-30,OPBOUW REDONDO 24W 2035LM 6K,36
3119,2026-01-30,SURGE PROTECTOR 127V USB,21
3120,2026-01-30,RECESADO REDONDO 3W  3000K,119
3121,2026-02-06,RECESADO REDONDO 3W  6000K,1
3122,2026-01-29,REFLECTOR LED 30W 2400LM 6000K,12
3124,2026-01-30,REFLECTOR LED 200W 18000LM,8
3124,2026-01-30,REFLECTOR LED 200W 18000LM,12
3124,2026-02-16,REFLECTOR LED 200W 18000LM,28
3124,2026-02-16,REFLECTOR LED 200W 18000LM,52
3124,2026-02-16,REFLECTOR LED 200W 18000LM,28
3124,2026-02-16,REFLECTOR LED 200W 18000LM,24
3125,2026-02-02,SUPERFICIAL REDONDO 18W 65K,160
3126,2026-01-30,LAMP TECHO PANEL LED 18W CCT,30
3194,2026-01-30,GLOEILAMP 100WATT CLEAR,102
3195,2026-01-30,GLOEILAMP 25WATT FROSTED,2
3196,2026-01-30,GLOEILAMP 40WATT FROSTED,72
3199,2026-01-30,GLOEILAMP 100WATT FROSTED,20
3200,2026-01-30,HALOGEENLAMP  300W 127 VOLT,60
3200,2026-02-09,HALOGEENLAMP  300W 127 VOLT,8
3202,2026-02-09,HALOGEENLAMP 1000W 127 VOLT,83
3202,2026-02-16,HALOGEENLAMP 1000W 127 VOLT,250
3203,2026-02-09,HALOGEENLAMP  300W 220 VOLT,197
3204,2026-02-09,HALOGEENLAMP  500W 220 VOLT,27
3204,2026-02-09,HALOGEENLAMP  500W 220 VOLT,27
3206,2026-02-09,HALOGEENLAMP 1500W 220 VOLT,1
3206,2026-02-16,HALOGEENLAMP 1500W 220 VOLT,134
3208,2026-02-09,HALOGEEN SCHIJNWERPER 1000W,2
3210,2026-02-09,TL-ORNEMENT 1x20W 127/220V,1
3210,2026-02-16,TL-ORNEMENT 1x20W 127/220V,63
3210,2026-02-16,TL-ORNEMENT 1x20W 127/220V,6
3212,2026-02-16,TL-ORNEMENT 2x40W 127V 50Hz,71
3222,2026-02-06,TL INBOUWBAK 2X4 PARABOL 32W,25
3223,2026-02-09,TL ORNEMENT LED 1X9W LEEG,7
3223,2026-02-16,TL ORNEMENT LED 1X9W LEEG,12
3224,2026-02-16,TL ORNEMENT LED 1X18W LEEG,15
3225,2026-02-16,TL-ORNEMENT 1x20W WD 127/220V,2
3226,2026-02-09,TL-ORNEMENT 1x40W WD 127/220V,2
3228,2026-02-09,TL-ORNEMENT LED 1x9W WD LEEG,1
3228,2026-02-16,TL-ORNEMENT LED 1x9W WD LEEG,136
3229,2026-02-16,TL-ORNEMENT LED 1x18W WD LEEG,81
3229,2026-02-16,TL-ORNEMENT LED 1x18W WD LEEG,20
3229,2026-02-16,TL-ORNEMENT LED 1x18W WD LEEG,75
3230,2026-02-16,TL ORNEMENT LED 2X9W WD LEEG,21
3230,2026-02-16,TL ORNEMENT LED 2X9W WD LEEG,90
3230,2026-02-16,TL ORNEMENT LED 2X9W WD LEEG,21
3231,2026-02-16,TL ORNEMENT LED2X18W WD LEEG,59
3231,2026-02-16,TL ORNEMENT LED2X18W WD LEEG,43
3242,2026-01-30,PL LAMP   5 WATT,40
3242,2026-02-09,PL LAMP   5 WATT,10
3243,2026-01-30,PL LAMP   7 WATT,30
3243,2026-02-09,PL LAMP   7 WATT,5
3244,2026-01-30,PL LAMP   9 WATT,30
3245,2026-01-30,PL LAMP 13 WATT,50
3245,2026-02-09,PL LAMP 13 WATT,16
3246,2026-02-16,PICKENS VPR 2211,20
3247,2026-02-16,PICKENS VPO 2236 P,21
3248,2026-02-16,PICKENS VPR  2241,8
3249,2026-01-30,SPIRALLAMP 20W 110-130V 50Hz,4
3249,2026-02-16,SPIRALLAMP 20W 110-130V 50Hz,10
3250,2026-02-16,PICKENS VPC 2271 TRAP,1
3252,2026-01-29,U-BUIS   40W DL,24
3253,2026-02-09,TL- BUIS  32W DL T8,37
3253,2026-02-16,TL- BUIS  32W DL T8,11
3256,2026-02-09,TL-BUIS LED 10W 6500K,8
3256,2026-02-16,TL-BUIS LED 10W 6500K,1
3257,2026-02-09,TL BUIS LED  20W 6500K,2
3258,2026-02-16,LED TUBE 10W 4000K 60cm,17
3261,2026-01-30,TL-BUIS 32W DL ROND,14
3263,2026-01-30,PICKENS 6W LED BULB 6500 K,400
3263,2026-02-02,PICKENS 6W LED BULB 6500 K,98
3264,2026-01-30,PICKENS 6W LED BULB 4000K SEMI,44
3264,2026-02-09,PICKENS 6W LED BULB 4000K SEMI,2
3265,2026-01-30,PICKENS 7W LED BULB,31
3265,2026-02-09,PICKENS 7W LED BULB,2
3268,2026-02-09,PICKENS 5W LED BULB 6500K,1
3268,2026-02-16,PICKENS 5W LED BULB 6500K,392
3269,2026-01-30,PICKENS LED 5.5W GU 10,53
3270,2026-01-30,PICKENS 10W LED BULB,5
3271,2026-02-09,PICKENS T8 0.6 CM LED9W 6500K,66
3272,2026-02-02,PICKENS T8 1.20M LED 22W 6500K,250
3272,2026-02-09,PICKENS T8 1.20M LED 22W 6500K,18
3275,2026-02-09,LED TUBE T8 10W/865 1050l 6500,16
3275,2026-02-16,LED TUBE T8 10W/865 1050l 6500,2
3281,2026-02-04,BALLAST 1x20W STARTER,47
3281,2026-02-16,BALLAST 1x20W STARTER,1
3282,2026-02-09,BALLAST 1x20W STARTER 220V,18
3283,2026-02-04,BALLAST 1x40W STARTER,92
3283,2026-02-09,BALLAST 1x40W STARTER,11
3284,2026-02-09,BALLAST 1x40W STARTER 220V,5
3285,2026-02-04,BALLAST 2x34W ELECTR  120 VOLT,75
3286,2026-02-04,BALLAST 2x40W RS  220 VOLT,230
3288,2026-02-04,BALLAST 4x32W electr120-277vT8,21
3290,2026-02-09,STARTER 4-22W,23
3290,2026-02-16,STARTER 4-22W,1400
3291,2026-02-09,STARTER 4-65W S10,10
3291,2026-02-16,STARTER 4-65W S10,1925
3293,2026-01-30,STARTERHOUDER CLIP     125-5,100
3295,2026-02-05,"BEDRADINGSDRAAD  0,75mm",6
3309,2026-02-16,6WATT LED PANEL LIGHT 1409-Y-6,116
3314,2026-02-16,PICKENS RFTN 150W 7000K FLAT,3
3319,2026-01-26,PICKENS RFTL 100W 6500K UFO,19
3320,2026-02-04,PICKENS RFTN 400W 7000K FLAT,29
33210,2026-01-30,PICKENS LMP 250W PUBLIC 6000K,9
3322,2026-02-16,PICKENS RECHARGEABLE LED LIGHT,36
3323,2026-02-04,PICKENS LED BASE T8 60 CM,249
3324,2026-02-05,PICKENS LED BASE T8 120 CM,240
3326,2026-02-05,PICKENS LED ORNEMENT WD 1X18W,119
3327,2026-02-04,PICKENS LED ORNEMENT WD 2X9W,62
3327,2026-02-09,PICKENS LED ORNEMENT WD 2X9W,1
3328,2026-02-05,PICKENS LED ORNEMENT WD 2X18W,84
3328,2026-02-16,PICKENS LED ORNEMENT WD 2X18W,60
3330,2026-01-30,PICKENS 9  WATT 6500K LED SPOT,33
3332,2026-01-30,PICKENS 18 WATT 6500K LED SPOT,24
3332,2026-02-06,PICKENS 18 WATT 6500K LED SPOT,1
3332,2026-02-16,PICKENS 18 WATT 6500K LED SPOT,100
3333,2026-01-30,PICKENS 6 WATT 6500K LED SPOT,95
3334,2026-02-02,PICKENS LED OPB ROND 12W 6500K,7
3334,2026-02-16,PICKENS LED OPB ROND 12W 6500K,60
3335,2026-02-06,PICKENS LED OPB ROND 18W 6500K,5
3335,2026-02-16,PICKENS LED OPB ROND 18W 6500K,31
3350,2026-02-16,LEDPANEL 40W 2x2 CCT 120-277V,15
3431,2026-02-02,WALLPLATE 2 SCHAK 2137,50
3431,2026-02-09,WALLPLATE 2 SCHAK 2137,8
3487,2026-02-09,ETI 3901375  EINDPLAAT VSV4,3
3487,2026-02-16,ETI 3901375  EINDPLAAT VSV4,147
3487,2026-02-16,ETI 3901375  EINDPLAAT VSV4,147
3487,2026-02-16,ETI 3901375  EINDPLAAT VSV4,350
3488,2026-02-09,ETI 3901114 BRIDGING MP2 / 10,10
3489,2026-02-09,ETI 3901116 BRIDGING MP4 /10,19
3490,2026-02-09,ETI 3901087 BRIDGING MP124/6,2
3491,2026-02-09,ETI 3901055 BRIDGING MP 166/4,10
3492,2026-02-16,ETI3901360 LIN UP  VSV4 FUSE,400
3492,2026-02-16,ETI3901360 LIN UP  VSV4 FUSE,12
3493,2026-02-16,ETI 3901539 GR VS 35 YELLO/GR,37
3494,2026-02-16,ETI 3901518 GR VS 16 YELLO/GR,32
3495,2026-02-09,ETI 3901497 GR VS6 YELLO/GR,37
3495,2026-02-16,ETI 3901497 GR VS6 YELLO/GR,47
3496,2026-02-09,ETI 3901476 GR VS4 YELLO/GR,28
3496,2026-02-16,ETI 3901476 GR VS4 YELLO/GR,75
3497,2026-02-09,ETI 3901016 END BRACKET PKPA35,11
3498,2026-02-16,ETI 3901037 TERMINAL VS 4MM,180
3499,2026-02-09,ETI 3901038 TERMINAL VS 4 BLUE,351
3500,2026-02-03,ETI 3901068 TERMINAL VS 6 IVOR,1500
3500,2026-02-09,ETI 3901068 TERMINAL VS 6 IVOR,23
3501,2026-02-09,ETI 3901069 TERMINAL VS 6 BLUE,20
3501,2026-02-16,ETI 3901069 TERMINAL VS 6 BLUE,50
3502,2026-02-09,ETI 3901129 TERMINAL VS 16 IVO,21
3502,2026-02-16,ETI 3901129 TERMINAL VS 16 IVO,50
3503,2026-02-09,ETI 3901130 TERMINAL VS16 BLUE,4
3503,2026-02-16,ETI 3901130 TERMINAL VS16 BLUE,43
3504,2026-02-09,ETI 3901188 TERMINAL VS 70 IVO,5
3504,2026-02-16,ETI 3901188 TERMINAL VS 70 IVO,67
3504,2026-02-16,ETI 3901188 TERMINAL VS 70 IVO,20
3505,2026-02-09,ETI 3901189 TERMINAL VS70 BLUE,20
3505,2026-02-16,ETI 3901189 TERMINAL VS70 BLUE,60
3506,2026-02-09,ETI 3901101 TERMINAL VS10 IVOR,25
3506,2026-02-16,ETI 3901101 TERMINAL VS10 IVOR,100
3507,2026-02-09,ETI 3901102 TERMINAL VS10 BLUE,39
3507,2026-02-16,ETI 3901102 TERMINAL VS10 BLUE,50
3508,2026-02-09,ETI 3901157 TERMINAL VS35 IVOR,3
3508,2026-02-16,ETI 3901157 TERMINAL VS35 IVOR,60
3509,2026-02-09,ETI 3901158 TERMINAL VS35 BLUE,12
3530,2026-02-06,New3584500RJ45 8wireCat5e-6PL,52
3532,2026-02-04,New-3667708Cat6A keystone jack,136
3532,2026-02-09,New-3667708Cat6A keystone jack,6
3533,2026-02-04,New-3555008Cat5e keystone jack,150
3996,2026-01-26,MOTION DETECTOR 21401,17
3997,2026-01-26,SPEED CONTROLLER 21219,13
3998,2026-01-23,ELECTRONIC DIMMER 150W 21215-1,5
4000,2026-01-23,SINGEL POLE SWITCH 21011,180
4000,2026-02-06,SINGEL POLE SWITCH 21011,7
4001,2026-01-23,TWO POLE SWITCH 21021,320
4001,2026-02-06,TWO POLE SWITCH 21021,5
4002,2026-01-23,TWO CIRCUITS SWITCH 21061,170
4002,2026-02-06,TWO CIRCUITS SWITCH 21061,1
4003,2026-01-23,THREE CIRCUITS SWITCH 21088,5
4003,2026-02-06,THREE CIRCUITS SWITCH 21088,1
4005,2026-01-23,DOUBLE TWO WAY SWITCH 21101,11
4005,2026-02-06,DOUBLE TWO WAY SWITCH 21101,1
4006,2026-01-26,PULL-CORD PUSH BUTTON 21092,15
4006,2026-02-06,PULL-CORD PUSH BUTTON 21092,90
4006,2026-02-06,PULL-CORD PUSH BUTTON 21092,13
4007,2026-01-23,DIMMER/ 2 WAY 320 WRC 21217,4
4007,2026-01-23,DIMMER/ 2 WAY 320 WRC 21217,13
4007,2026-02-06,DIMMER/ 2 WAY 320 WRC 21217,1
4009,2026-01-23,EARTH SOCKET ( USA TYPE) 21143,120
4009,2026-01-26,EARTH SOCKET ( USA TYPE) 21143,160
4009,2026-01-26,EARTH SOCKET ( USA TYPE) 21143,230
4009,2026-02-09,EARTH SOCKET ( USA TYPE) 21143,26
4010,2026-01-26,MONO DOUBLE EARTH SOCKET 70331,200
4010,2026-02-06,MONO DOUBLE EARTH SOCKET 70331,7
4011,2026-01-23,RJ 45 CAT 6 UTP  SOCKET 21455,50
4011,2026-01-23,RJ 45 CAT 6 UTP  SOCKET 21455,200
4011,2026-02-06,RJ 45 CAT 6 UTP  SOCKET 21455,12
4012,2026-01-23,RJ 45 CAT 5 E UTP SOCKET 21453,100
4012,2026-02-06,RJ 45 CAT 5 E UTP SOCKET 21453,4
4013,2026-01-23,RJ 45 CAT6 UTP CONNECTOR 21978,3
4013,2026-02-06,RJ 45 CAT6 UTP CONNECTOR 21978,10
4014,2026-02-06,RJ 45 CAT 5E UTP CONN 21975,67
4015,2026-01-23,TELEPHONE SOCKET 21252,100
4015,2026-02-06,TELEPHONE SOCKET 21252,9
4017,2026-01-23,ROCKER FOR SWITCHES 70601,800
4017,2026-02-06,ROCKER FOR SWITCHES 70601,54
4018,2026-01-23,DOUBLE ROCKERS 70611,200
4018,2026-02-06,DOUBLE ROCKERS 70611,19
4019,2026-01-23,TRIPLE ROCKERS 70661,16
4019,2026-02-06,TRIPLE ROCKERS 70661,3
4020,2026-01-23,COV PLATE  PULL CORD 70741,55
4020,2026-02-06,COV PLATE  PULL CORD 70741,16
4021,2026-01-23,COVER PLATE  DIMMER 70721,19
4021,2026-02-06,COVER PLATE  DIMMER 70721,2
4022,2026-01-26,COV PL  EARTH SOCKET 70631,10
4022,2026-02-09,COV PL  EARTH SOCKET 70631,82
4023,2026-01-23,COV PL  EARTH SOCK USA 70843,500
4023,2026-01-26,COV PL  EARTH SOCK USA 70843,560
4023,2026-02-09,COV PL  EARTH SOCK USA 70843,5
4024,2026-01-26,COV PL SCHUK SOCKET IP44 70634,240
4024,2026-02-06,COV PL SCHUK SOCKET IP44 70634,7
4025,2026-01-23,COVER PLATE  SINGLE RJ45 70751,120
4025,2026-02-06,COVER PLATE  SINGLE RJ45 70751,8
4026,2026-01-23,COVER RING WITH DOUBLE 70442,325
4026,2026-02-06,COVER RING WITH DOUBLE 70442,15
4027,2026-01-23,COVER PLATE  TELEPHONE 70712,80
4027,2026-02-06,COVER PLATE  TELEPHONE 70712,32
4028,2026-01-23,BLIND COVER PLATE 70677,400
4028,2026-02-06,BLIND COVER PLATE 70677,3
4029,2026-01-26,IP 44 KIT MEC21 SINGLE 21981,46
4030,2026-01-23,SURFACE MOUNTING BOX 10975,8
4030,2026-02-09,SURFACE MOUNTING BOX 10975,15
4031,2026-01-23,SINGLE FRAME 70910,200
4031,2026-02-09,SINGLE FRAME 70910,2
4032,2026-01-23,DOUBLE HORIZONTAL FRAME 70921,130
4032,2026-02-09,DOUBLE HORIZONTAL FRAME 70921,8
4033,2026-01-23,TRIPLE HORIZONTAL FRAME 70931,360
4033,2026-02-09,TRIPLE HORIZONTAL FRAME 70931,8
4034,2026-01-23,4- GANG HORIZONTAL FRAME 70941,158
4034,2026-01-26,4- GANG HORIZONTAL FRAME 70941,264
4034,2026-02-09,4- GANG HORIZONTAL FRAME 70941,1
4035,2026-01-26,WATERPROOF FRAME IP 44  70961,40
4035,2026-02-09,WATERPROOF FRAME IP 44  70961,10
4036,2026-01-26,UNIVERSAL COVER RING 70881,50
4037,2026-01-23,COVER PLATE MOTION  70401 TBR,22
4040,2026-01-26,SINGLE POLE SWITCH 37011 OPB,201
4040,2026-02-06,SINGLE POLE SWITCH 37011 OPB,1
4041,2026-01-26,TWO CIRCUITS SWITCH 37061 OPB,310
4041,2026-02-06,TWO CIRCUITS SWITCH 37061 OPB,24
4042,2026-01-26,TWO-WAY SWITCH 37071 OPB,240
4042,2026-02-06,TWO-WAY SWITCH 37071 OPB,19
4043,2026-01-26,DOUBLE 2-WAY SWITCH  37101 OPB,150
4043,2026-02-06,DOUBLE 2-WAY SWITCH  37101 OPB,19
4044,2026-02-06,EARTH SOCKET SCHUKO 37131 OPB,7
4045,2026-01-26,MOUNTINGBOX AMERICAN 10972 ABR,80
4045,2026-02-09,MOUNTINGBOX AMERICAN 10972 ABR,12
4046,2026-01-26,SINGLE POLE SWITCH 48011 OP WD,110
4046,2026-02-09,SINGLE POLE SWITCH 48011 OP WD,3
4047,2026-01-26,TWO POLE SWITCH 48021 WD OPB,70
4047,2026-02-06,TWO POLE SWITCH 48021 WD OPB,4
4048,2026-01-26,2 CIRCUITS SWITCH 48061 OPB WD,90
4048,2026-02-09,2 CIRCUITS SWITCH 48061 OPB WD,5
4049,2026-01-26,TWO WAY SWITCH 48071 OPB WD,70
4049,2026-02-06,TWO WAY SWITCH 48071 OPB WD,9
4049,2026-02-09,TWO WAY SWITCH 48071 OPB WD,19
4050,2026-01-26,EARTH SOCKET  48131 OPB  WD,30
4050,2026-02-06,EARTH SOCKET  48131 OPB  WD,3
4051,2026-02-06,TWO EARTH SOCKETS 48862 OPB WD,1
4052,2026-01-26,SAFETY EARTH SOCKET 45132SBR,5
4053,2026-01-26,SAFE EARTHSOCKET 127V 45144SBR,96
4056,2026-01-26,Face plate F/2 RJ Connector 2M,8
4056,2026-02-06,Face plate F/2 RJ Connector 2M,12
4057,2026-02-06,DUBBEL USB CHARGER 110-240V,1
4058,2026-01-23,COVER PLATE DBL USB CHAR 70673,20
4058,2026-02-06,COVER PLATE DBL USB CHAR 70673,2
4100,2026-02-16,ROCKER FOR SWITCHES 90601 TBR,40
4101,2026-02-16,DOUBLE ROCKERS 90611 TBR,201
4102,2026-02-16,TRIPLE ROCKERS 90661 TBR,130
4103,2026-01-26,COVER PLATE  PULL CORD 90741,36
4104,2026-02-16,COVER PLATE FOR DIMMER 90721 T,27
4105,2026-01-26,COVER PLATE SINGLE RJ45 90751,80
4106,2026-01-26,COVER PLATE - TELEPHONE 90712,200
4107,2026-02-16,COVER PLATE- EARTH SOCKET90631,804
4109,2026-01-26,COVER PLATE SCHUKO SOCKET90634,40
4110,2026-02-16,BLIND COVER PLATE 90677 TBR,57
4111,2026-02-16,SINGLE FRAME 90910 TBR,19
4112,2026-01-26,DOUBLE HORIZONTAL FRAME 90920,410
4113,2026-02-16,TRIPLE HORIZONTAL FRAME 90930,19
4114,2026-01-26,4 GANG HORIZONTAL FRAME 90940,64
4114,2026-02-16,4 GANG HORIZONTAL FRAME 90940,12
4116,2026-01-26,WATERPROOF FRAME IP 44  90961,50
4117,2026-02-16,COVER RING WITH DOUBLE 90442,5
4118,2026-01-26,COVER PLATE  DBL USB CHA90673,24
4119,2026-01-26,SURFACE MOUNTINGBOX 10976 ABR,40
4121,2026-01-26,SURFACE MOUNTINGBOX TRIPLE,42
4122,2026-01-26,COVER PLATE MOTION  90401 TBR,42
4140,2026-02-16,ROCKER FOR SWITCHES 90601 TPM,131
4141,2026-02-16,DOUBLE ROCKERS 90611 TPM,45
4142,2026-02-16,TRIPLE ROCKERS 90661 TPM,38
4143,2026-02-16,COVER PLATE FOR DIMMER90721TPM,45
4144,2026-02-16,COV PLATE SINGLE RJ45 90751TPM,34
4144,2026-02-16,COV PLATE SINGLE RJ45 90751TPM,10
4145,2026-02-16,COV PLATE  TELEPHONE 90712 TPM,25
4146,2026-02-16,COV PLATE EARTH SOCKET90631TPM,144
4146,2026-02-16,COV PLATE EARTH SOCKET90631TPM,360
4147,2026-02-16,COVERPLATE EARTH 90843 USATPM,140
4148,2026-02-16,COV PLATE SOCKET IP44 90634TPM,72
4149,2026-02-16,BLIND COVER PLATE 90677 TPM,156
4150,2026-02-16,SINGLE FRAME 90910 TPM,64
4151,2026-02-16,2 X HORIZONTAL FRAME 90920 TPM,2
4153,2026-02-16,4 X  HORIZONT FRAME 90940 TPM,40
4154,2026-02-16,5 X HORIZONT FRAME 90950 TPM,86
4155,2026-02-16,COV RING WITH DOUBLE 90442 SPM,36
4156,2026-02-16,COV PLATE FOR USB 90673 TPM,25
4157,2026-02-16,COVER PLATE MOTION  90401 TPM,14
4200,2026-01-26,KABELGOOT 12x7MM 10010 FBR,3
4200,2026-02-16,KABELGOOT 12x7MM 10010 FBR,165
4201,2026-01-26,KABELGOOT 16X10MM 10020 FBR,116
4201,2026-01-26,KABELGOOT 16X10MM 10020 FBR,40
4201,2026-02-16,KABELGOOT 16X10MM 10020 FBR,27
4203,2026-02-16,KABELGOOT 32x12.5MM 10400 FBR,22
4204,2026-02-16,KABELGOOT 32X16MM 10040 FBR,186
4205,2026-02-16,"KABELGOOT 40X12,5MM 10150 FBR",26
4207,2026-01-26,KABELGOOT 50X20MM 10500 CBR,38
4207,2026-02-16,KABELGOOT 50X20MM 10500 CBR,7
4208,2026-02-16,KABELGOOT 60X16MM 10070 CBR,99
4209,2026-01-26,KABELGOOT 75X20MM 10140 CBR,107
4210,2026-01-26,KABELGOOT 110X34MM 10080 RBR,50
4210,2026-02-16,KABELGOOT 110X34MM 10080 RBR,38
4211,2026-01-26,KABELGOOT 110X50MM 10090RBR,16
4212,2026-01-26,KABELGOOT 90X50MM 10180 RBR,8
4213,2026-01-26,KABELGOOT 180X50MM 10290 RBR,325
4216,2026-02-16,T STUK 32X12.5MM  10401 ABR,59
4218,2026-02-16,T STUK 40X12.5MM  10051 ABR,40
4220,2026-01-26,T STUK 50X20MM     10501 ABR,20
4221,2026-02-16,T STUK 60X16MM     10071 ABR,30
4222,2026-01-26,T STUK 75X20MM     10141 ABR,25
4223,2026-01-26,T STUK 110X34MM   10081 RBR,27
4224,2026-02-16,T STUK 110X50MM   10091 RBR,25
4225,2026-02-16,T STUK 90X50MM     10181 RBR,2
4227,2026-01-26,BINNENHK 20X12.5MM 10032 ABR,44
4228,2026-01-26,BINNENHK 32X12.5MM 10402  ABR,52
4229,2026-01-26,BINNENHK 32X16MM 10042 ABR,59
4230,2026-02-16,BINNENHK 40X12.5MM 10052 ABR,40
4231,2026-02-16,BINNENHK 40X16MM 10062 ABR,27
4232,2026-01-26,BINNENHK 50X20MM  10502 ABR,22
4233,2026-01-26,BINNENHK 60X16MM  10072   ABR,30
4234,2026-02-16,BINNENHK 75X20MM  10142 ABR,24
4235,2026-01-26,BINNENHK 110X34MM  10082  RBR,28
4236,2026-01-26,BINNENHK 110X50MM  10092 RBR,20
4238,2026-01-26,BINNENHK 180X50MM  10292 RBR,17
4239,2026-02-16,VLAKHOEK 20X12.5MM  10033 ABR,6
4240,2026-02-16,VLAKHOEK 32X12.5MM  10403 ABR,53
4241,2026-02-16,VLAKHOEK 32X16MM  10043 ABR,48
4242,2026-01-26,VLAKHOEK 40X12.5MM 10053  ABR,40
4243,2026-02-16,VLAKHOEK 40X16MM  10063  ABR,19
4245,2026-01-26,VLAKHOEK 60X16MM  10073  ABR,30
4246,2026-01-26,VLAKHOEK 75X20MM 10143  ABR,17
4247,2026-02-16,VLAKHOEK 110X34MM  10083  RBR,27
4248,2026-01-26,VLAKHOEK 110X50MM  10093  RBR,8
4248,2026-02-16,VLAKHOEK 110X50MM  10093  RBR,2
4249,2026-01-26,VLAKHOEK 90X50MM    10183 RBR,2
4249,2026-01-26,VLAKHOEK 90X50MM    10183 RBR,1
4250,2026-01-23,VLAKHOEK 180X50MM  10293  RBR,8
4250,2026-01-26,VLAKHOEK 180X50MM  10293  RBR,24
4250,2026-02-16,VLAKHOEK 180X50MM  10293  RBR,15
4251,2026-01-26,VERLENG 20X12.5MM 10034 ABR,40
4252,2026-02-16,VERLENG 32X12.5MM  10404 ABR,9
4253,2026-02-16,VERLENG 32X16MM  10044 ABR,55
4254,2026-02-16,VERLENG 40X12.5MM  10054  ABR,60
4255,2026-01-26,VERLENG 40X16MM  10064 ABR,20
4257,2026-01-26,VERLENG 60X16MM  0074  ABR,30
4258,2026-01-26,VERLENG 75X20MM   10144  ABR,30
4258,2026-02-16,VERLENG 75X20MM   10144  ABR,3
4259,2026-01-26,VERLENG 110X34MM 10084 RBR,28
4260,2026-01-26,VERLENG 110X50MM 10094 RBR,28
4260,2026-01-26,VERLENG 110X50MM 10094 RBR,13
4260,2026-02-16,VERLENG 110X50MM 10094 RBR,3
4261,2026-01-26,VERLENG 90X50MM  10184 RBR,16
4262,2026-01-26,VERLENG 180X50MM 10294 RBR,4
4262,2026-01-26,VERLENG 180X50MM 10294 RBR,8
4263,2026-01-26,EINDSTUK 20X12.5MM 10035  ABR,44
4264,2026-02-16,EINDSTUK 32X12.5MM  10405 ABR,51
4265,2026-02-16,EINDSTUK 32X16MM   10045 ABR,60
4267,2026-01-26,EINDSTUK 40X16MM  10065  ABR,22
4268,2026-01-26,EINDSTUK 50X20MM 10505  ABR,28
4269,2026-01-26,EINDSTUK 60X16MM  10075  ABR,28
4270,2026-01-26,EINDSTUK 75X20MM  10145 ABR,30
4270,2026-01-26,EINDSTUK 75X20MM  10145 ABR,10
4271,2026-01-26,EINDSTUK 110X34MM 10085  RBR,28
4272,2026-01-26,EINDSTUK 110X50MM 10095  RBR,28
4274,2026-02-16,EINDSTUK 180X50MM  10295  RBR,11
4275,2026-01-26,BUITENHK 20X12.5MM 10036 ABR,51
4276,2026-01-26,BUITENHK 32X12.5MM 10406 ABR,60
4278,2026-01-26,BUITENHK 40X12.5MM 10056  ABR,80
4279,2026-01-26,BUITENHK 40X16MM  10066 ABR,30
4280,2026-02-16,BUITENHK 50X20MM 10506 ABR,2
4282,2026-01-26,BUITENHK 75X20MM  10146  ABR,120
4283,2026-02-16,BUITENHK 110X34MM  10086 RBR,28
4284,2026-02-16,BUITENHK 110X50MM  10096  RBR,28
4285,2026-02-16,BUITENHK 90X50MM  10186  RBR,24
4286,2026-01-26,BUITENHK 180X50MM 10296  RBR,28
4287,2026-01-26,Q45 MOD ADAPTER 2 MOD 10950ABR,40
4288,2026-01-26,Q45 MOD COV PL 2 MOD 10959 ABR,120
4288,2026-01-26,Q45 MOD COV PL 2 MOD 10959 ABR,40
4289,2026-01-26,Q45  ADAPTER 2 MOD 10986 ABR,158
4290,2026-01-26,Q45  ADAPTER 4 MOD 10952 ABR,28
4290,2026-01-26,Q45  ADAPTER 4 MOD 10952 ABR,90
4291,2026-01-26,Q45 ADAPTER 6 MOD 10954 ABR,150
4292,2026-01-26,FLUSH MOUNT BOX USA 10971 ABR,110
7000,2026-01-28,JVD16 - 63   40A 4P SCHAKELAAR,138
7000,2026-02-09,JVD16 - 63   40A 4P SCHAKELAAR,2
7001,2026-01-28,JVD16 - 63   63A 4P SCHAKELAAR,77
7003,2026-01-28,JVD16 -125 100A 4P SCHAKELAAR,4
7004,2026-01-28,JVD16 -125 125A 4P SCHAKELAAR,22
7005,2026-02-09,JVL16 -63  40A 4P 30mA AARDLEK,1
7005,2026-02-16,JVL16 -63  40A 4P 30mA AARDLEK,388
7006,2026-02-09,JVL16 -63  63A 4P 30mA AARDLEK,1
7006,2026-02-16,JVL16 -63  63A 4P 30mA AARDLEK,818
7007,2026-01-29,JVL16 -63 40A 4P 300mA AARDLEK,16
7007,2026-02-16,JVL16 -63 40A 4P 300mA AARDLEK,5
7008,2026-01-29,JVL16 -63 63A 4P 300mA AARDLEK,45
7008,2026-02-09,JVL16 -63 63A 4P 300mA AARDLEK,8
7009,2026-01-29,JVM16 -32   6A1P+N B-TYPE AUT,7
7010,2026-02-09,JVM16 -32  16A 1P+N B-TYPE AUT,6
7010,2026-02-16,JVM16 -32  16A 1P+N B-TYPE AUT,324
7011,2026-02-09,JVM16 -32  20A 1P+N B-TYPE AUT,16
7011,2026-02-16,JVM16 -32  20A 1P+N B-TYPE AUT,108
7013,2026-02-09,JVM16 -32  16A 1P+N C-TYPE AUT,2
7013,2026-02-16,JVM16 -32  16A 1P+N C-TYPE AUT,185
7014,2026-02-16,JVM16 -32  20A 1P+N C-TYPE AUT,49
7015,2026-02-16,JVM16 -32  25A 1P+N C-TYPE AUT,50
7016,2026-02-09,JVM16 -32  32A 1P+N C-TYPE AUT,2
7016,2026-02-16,JVM16 -32  32A 1P+N C-TYPE AUT,127
7017,2026-02-09,JVM19 -63  16A 2P B-TYPE AUTOM,26
7017,2026-02-16,JVM19 -63  16A 2P B-TYPE AUTOM,600
7018,2026-01-28,JVM19-63   6A  2P B-TYPE AUTOM,73
7018,2026-02-09,JVM19-63   6A  2P B-TYPE AUTOM,4
7019,2026-02-09,JVM16 -63  16A 2P C-TYPE AUTOM,1
7019,2026-02-16,JVM16 -63  16A 2P C-TYPE AUTOM,1032
7020,2026-02-16,JVM19 -63  20A 2P C-TYPE AUTOM,11
7021,2026-02-09,JVM19 -63  25A 2P C-TYPE AUTOM,2
7021,2026-02-16,JVM19 -63  25A 2P C-TYPE AUTOM,63
7022,2026-01-28,JVM19 -63  16A 3P C-TYPE AUTOM,19
7022,2026-02-09,JVM19 -63  16A 3P C-TYPE AUTOM,13
7023,2026-01-29,JVM19 -63  20A 3P C-TYPE AUTOM,15
7023,2026-02-09,JVM19 -63  20A 3P C-TYPE AUTOM,4
7024,2026-01-29,JVM16 -63  25A 3P C-TYPE AUTOM,25
7024,2026-02-09,JVM16 -63  25A 3P C-TYPE AUTOM,1
7025,2026-01-29,JVM16 -63  32A 3P C-TYPE AUTOM,16
7025,2026-02-09,JVM16 -63  32A 3P C-TYPE AUTOM,9
7026,2026-01-29,JVM16 -63  40A 3P C-TYPE AUTOM,31
7026,2026-02-09,JVM16 -63  40A 3P C-TYPE AUTOM,5
7027,2026-01-29,JVM19 -63  50A 3P C-TYPE AUTOM,20
7027,2026-01-29,JVM19 -63  50A 3P C-TYPE AUTOM,40
7027,2026-02-09,JVM19 -63  50A 3P C-TYPE AUTOM,6
7028,2026-01-29,JVM19 -63  63A 3P C-TYPE AUTOM,148
7028,2026-02-09,JVM19 -63  63A 3P C-TYPE AUTOM,8
7030,2026-02-09,JVM16-63 16A 3P+N C-TYPE AUTOM,1
7030,2026-02-16,JVM16-63 16A 3P+N C-TYPE AUTOM,65
7032,2026-02-09,JVM16 -63 32A 3P+N C-TYPE AUTO,2
7032,2026-02-16,JVM16 -63 32A 3P+N C-TYPE AUTO,37
7033,2026-02-09,JVM16 -63 40A 3P+N C-TYPE AUTO,1
7033,2026-02-16,JVM16 -63 40A 3P+N C-TYPE AUTO,32
7034,2026-02-09,JVM16 -63 50A 3P+N C-TYPE AUTO,2
7034,2026-02-16,JVM16 -63 50A 3P+N C-TYPE AUTO,64
7035,2026-02-16,JVM16 -63 63A 3P+N C-TYPE AUTO,65
7036,2026-02-09,JVM 65-125  80A 3P+N C-TYPE,1
7037,2026-01-28,JVM 65-125 100A 3P+N C-TYPE,11
7037,2026-02-09,JVM 65-125 100A 3P+N C-TYPE,5
7037,2026-02-16,JVM 65-125 100A 3P+N C-TYPE,11
7038,2026-01-28,JVM 65-125 125A 3P+N C-TYPE,11
7038,2026-02-09,JVM 65-125 125A 3P+N C-TYPE,4
7038,2026-02-16,JVM 65-125 125A 3P+N C-TYPE,15
7039,2026-02-09,JVT3-16D TIMER,3
7039,2026-02-16,JVT3-16D TIMER,105
7040,2026-01-28,LNC1  20A  2P 1MOD CONTACTOR,80
7040,2026-02-09,LNC1  20A  2P 1MOD CONTACTOR,2
7041,2026-01-28,LNC1  20A  4P 2MOD CONTACTOR,4
7041,2026-02-09,LNC1  20A  4P 2MOD CONTACTOR,4
7042,2026-01-28,LNC1 25A 4P 2MOD CONTACTOR,33
7042,2026-02-09,LNC1 25A 4P 2MOD CONTACTOR,7
7043,2026-01-28,JVL5-40 16A 1P+N - C 30mA,95
7043,2026-02-09,JVL5-40 16A 1P+N - C 30mA,10
7051,2026-01-30,JUNCTION BOX 125A  4*7,37
7052,2026-01-30,JUNCTION BOX 125A  4*11,2
7055,2026-01-30,FTG Verdeel Blok1F 160A 1x70mm,62
7060,2026-02-09,JVRO16-32 1P+N B16 30 mA,6
7061,2026-02-09,JVRO16-32 1P+N C 16 30 mA,2
7062,2026-01-28,JVRO16-32 1P+N C 20 30 mA,79
7063,2026-01-28,JVRO16-32 1P+N C 25 30 mA,111
7070,2026-01-30,ADER EINDHULS 1.5mm E1508,2900
7071,2026-01-29,ADER EINDHULS 2.5mm E2508,14000
7072,2026-01-29,ADER EINDHULS 4mm E4012,14000
7073,2026-01-30,ADER EINDHULS 6mm E6012,1000
7076,2026-01-30,ADER EINDHULS 25mm E2516,6600
7077,2026-01-30,ADER EINDHULS 35mm E3516,8800
7078,2026-01-30,ADER EINDHULS 50mm E5020,4100
7079,2026-01-30,ADER EINDHULS 2X1.5mm TE1508,9000
7080,2026-01-29,ADER EINDHULS 2X2.5mm TE2510,22000
7081,2026-01-30,ADER EINDHULS 2X4mm TE4012,6000
7082,2026-01-30,ADER EINDHULS 2X6mm TE6014,6000
7083,2026-01-30,ADER EINDHULS 2X10mm TE1014,5500
7084,2026-01-30,ADER EINDHULS 2X16mm TE1614,900
7100,2026-02-09,PL-U 2pins 7W 127v/6400k,48
7100,2026-02-16,PL-U 2pins 7W 127v/6400k,150
7102,2026-01-30,ESL 305 SLIM 7W SPIRAAL 127V,43
7103,2026-02-09,ESL 305 SLIM 9W SPIRAAL 127V,3
7112,2026-01-30,ESL 211 20W SPIRAAL 127V,43
7112,2026-02-09,ESL 211 20W SPIRAAL 127V,22
7130,2026-02-09,HPS ARMATUUR 70W FML005,1
7132,2026-02-16,HPS ARMATUUR 250W FML006,10
7133,2026-02-16,HALOGEEN LAMP 500W,495
7134,2026-02-09,HALOGEENLAMP 1000W,9
7134,2026-02-16,HALOGEENLAMP 1000W,322
7135,2026-02-09,HALOGEENLAMP 1500W,1
7135,2026-02-16,HALOGEENLAMP 1500W,486
7139,2026-02-16,HPLN LAMP 400W OSRAM,13
7141,2026-02-16,BW.KAST WD 16MD  1316P-R1,6
7143,2026-02-06,OPB.KAST WD 4MD 1304R1,28
7144,2026-02-06,OPB.KAST WD 6MD R1306BR1,7
7144,2026-02-16,OPB.KAST WD 6MD R1306BR1,8
7145,2026-02-16,BW.KAST WD 32MD 1332PR1,9
7146,2026-02-16,OPB.KAST WD 8MD 1308PR1 BW,10
7147,2026-02-16,OPB.KAST WD 48MD 1348R1,6
7148,2026-02-06,OPB.KAST WD 8MD 1308BR1,11
7148,2026-02-16,OPB.KAST WD 8MD 1308BR1,6
7149,2026-02-16,OPB.KAST 8MD 5109R1,17
7150,2026-02-06,OPB.KAST 14MD 5021R1,3
7150,2026-02-16,OPB.KAST 14MD 5021R1,45
7151,2026-02-09,OPB.KAST 28MD 5281R1,1
7151,2026-02-16,OPB.KAST 28MD 5281R1,31
7152,2026-02-16,OPB.KAST 42MD 5261R1,15
7153,2026-02-06,OPB.KAST 56MD 5271R1,1
7153,2026-02-09,OPB.KAST 56MD 5271R1,1
7153,2026-02-16,OPB.KAST 56MD 5271R1,13
7154,2026-01-28,INB.KAST 12/14MD 5012R1,40
7154,2026-02-06,INB.KAST 12/14MD 5012R1,5
7155,2026-01-28,INB.KAST 24/28MD 5250R1,15
7155,2026-02-06,INB.KAST 24/28MD 5250R1,2
7156,2026-01-28,INB.KAST 36/42MD 5260R1,8
7157,2026-02-09,INB.KAST 48/56MD 5270R1,1
7157,2026-02-16,INB.KAST 48/56MD 5270R1,12
7158,2026-01-29,OPB.STOPCONTACT WD 3160,17
7158,2026-02-09,OPB.STOPCONTACT WD 3160,11
7159,2026-02-06,INB.STOPCONTACT WD IP67 931431,5
7160,2026-01-29,RUBBER STEKKER 5706C,17
7160,2026-02-09,RUBBER STEKKER 5706C,8
7162,2026-02-09,TERMOPLASTIC STEKKER 6706B WIT,9
7163,2026-01-29,TERMOPLASTIC STEKKER 6428 WIT,405
7163,2026-02-09,TERMOPLASTIC STEKKER 6428 WIT,16
7164,2026-01-29,TERMOPLASTIC CONTRA 6707B WIT,31
7164,2026-02-09,TERMOPLASTIC CONTRA 6707B WIT,6
7165,2026-01-29,TERMOPLASTIC CONTRA 6707CN,31
7166,2026-01-29,TERMOPLASTIC CONTRA 5019,9
7166,2026-02-09,TERMOPLASTIC CONTRA 5019,9
7167,2026-02-16,OPB.KAST 12MD 8703R1,44
7168,2026-02-16,OPB.KAST WD 36MD 1336PR1,2
7169,2026-02-16,OPB.KAST WD 11MD BW 1311AR1,1
7170,2026-02-16,KABELDOOS GRIJS 886A,11
7173,2026-01-29,TERMOPLASTIC ZIJK STEKKER 6566,15
7173,2026-02-09,TERMOPLASTIC ZIJK STEKKER 6566,16
7174,2026-02-09,INSTEEK FLEXIBLE CLE24,18
7176,2026-01-30,INSTEEK FLEXIBLE CLE54,60
7176,2026-02-09,INSTEEK FLEXIBLE CLE54,1
7177,2026-01-30,LAMPHOUDER 6511/75,7
7177,2026-02-09,LAMPHOUDER 6511/75,8
7179,2026-02-16,BASE MULTI 4 TOMAS 8014 IL,13
7180,2026-02-16,BASE MULTI 5 TOMAS 8015 IL,11
7181,2026-02-16,BASE MULTI 6 TOMAS 8016 IL,17
7182,2026-02-16,ROL VERLENGSNOER 15M 7423/1,15
7183,2026-02-16,ROL VERLENGSNOER 25M 7425/1,16
7184,2026-02-16,INB.KAST MP14 METALBOX,2
7185,2026-02-06,INB.KAST MP28 METALBOX,84
7187,2026-02-06,INB.KAST MP56 METALBOX,5
7187,2026-02-16,INB.KAST MP56 METALBOX,1
7188,2026-02-16,KABEL DOOS 615 100 X 100 X 45,60
7189,2026-02-06,KABEL DOOS 665 ROND  70 X 35,1
7189,2026-02-16,KABEL DOOS 665 ROND  70 X 35,72
7190,2026-02-06,KABEL DOOS 604 80 X 80 X 35,6
7190,2026-02-16,KABEL DOOS 604 80 X 80 X 35,36
7191,2026-02-16,EARTH TERMINAL GREEN,53
7192,2026-02-06,ARMARIO ABS 200X300X130+PLAC,2
7193,2026-02-16,INB.KAST MP14 METALBOX NG,8
7193,2026-02-16,INB.KAST MP14 METALBOX NG,22
7194,2026-02-16,INB.KAST MP28 METALBOX NG,12
7195,2026-02-16,INB.KAST MP42 METALBOX NG,7
7195,2026-02-16,INB.KAST MP42 METALBOX NG,11
7196,2026-02-16,INB.KAST MP56 METALBOX NG,4
8012,2026-02-16,Fuse-Holder FPG1 Slotted IP40,370
8021,2026-01-26,CMH100/TT/UVC/730/E40 SKU 7739,3
8031,2026-02-09,"ETI aardleksch 40A 4P0,03 127V",1
8031,2026-02-16,"ETI aardleksch 40A 4P0,03 127V",19
90100,2026-02-06,SINGLE FRAME ALU 90910TAA,1
90105,2026-02-06,COV PLATE EARTH SOCK 90843TAA,3
90106,2026-02-06,COV PLATE SINGL RJ45 90751TAL,1
90108,2026-02-06,DBL ROCKER SWITCH ALU 90611TAL,2
90120,2026-02-06,SINGLE FRAME MATTE BLACK 50910,5
90121,2026-02-06,DOUBLE HORIZONTAL FRAME 50921,4
90127,2026-02-06,COVER PLATE FOR DIMMER 50721,1
90128,2026-02-06,COVER PLATE FOR EARTH 50631,2
90131,2026-02-06,ELECTRONIC DIMMER/ 2 WAY 50212,1
9079,2026-02-09,PLL36W840 PL LAMP 2G11,3
9204,2026-01-02,PICKENS HDMI CABLE DMM248-0300,6
9205,2026-01-02,PICKENS HDMI CABLE DMM271,8
9206,2026-01-02,PICKENS HDMI CABLE DMC270,8
