location,item,item_description
Deposit N1 - A1,0201,KABEL YMvK 3G2.5mm rol/100mtr
Deposit N1 - A1,3229,TL-ORNEMENT LED 1x18W WD LEEG
Deposit N1 - A1,3319,PICKENS RFTL 100W 6500K UFO
Deposit N1 - A2,0103,VD DRAAD 2.5 mm  BLAUW
Deposit N1 - A3,0101,VD DRAAD 1.5 mm  ZWART
Deposit N1 - A3,3230,TL ORNEMENT LED 2X9W WD LEEG
Deposit N1 - A4,3231,TL ORNEMENT LED2X18W WD LEEG
Deposit N1 - A5,3225,TL-ORNEMENT 1x20W WD 127/220V
Deposit N1 - A5,3231,TL ORNEMENT LED2X18W WD LEEG
Deposit N1 - A5,3256,TL-BUIS LED 10W 6500K
Deposit N1 - A5,3258,LED TUBE 10W 4000K 60cm
Deposit N1 - A5,3275,LED TUBE T8 10W/865 1050l 6500
Deposit N1 - A5,3350,LEDPANEL 40W 2x2 CCT 120-277V
Deposit N1 - A6,0104,VD DRAAD 2.5 mm  GR/GL
Deposit N1 - B1,3210,TL-ORNEMENT 1x20W 127/220V
Deposit N1 - B1,3223,TL ORNEMENT LED 1X9W LEEG
Deposit N1 - B1,3229,TL-ORNEMENT LED 1x18W WD LEEG
Deposit N1 - B1,3253,TL- BUIS  32W DL T8
Deposit N1 - B2,3210,TL-ORNEMENT 1x20W 127/220V
Deposit N1 - B2,3224,TL ORNEMENT LED 1X18W LEEG
Deposit N1 - B2,3230,TL ORNEMENT LED 2X9W WD LEEG
Deposit N1 - B3,0102,VD DRAAD 2.5 mm  BRUIN
Deposit N1 - B3,1920,RAILKOPER VERN 15X8MM
Deposit N1 - B3,19201,RAILKOPER VERN 20X5MM
Deposit N1 - B3,3212,TL-ORNEMENT 2x40W 127V 50Hz
Deposit N1 - B3,4106,COVER PLATE - TELEPHONE 90712
Deposit N1 - B3,4117,COVER RING WITH DOUBLE 90442
Deposit N1 - B3,4140,ROCKER FOR SWITCHES 90601 TPM
Deposit N1 - B3,4141,DOUBLE ROCKERS 90611 TPM
Deposit N1 - B3,4142,TRIPLE ROCKERS 90661 TPM
Deposit N1 - B3,4143,COVER PLATE FOR DIMMER90721TPM
Deposit N1 - B3,4144,COV PLATE SINGLE RJ45 90751TPM
Deposit N1 - B3,4145,COV PLATE  TELEPHONE 90712 TPM
Deposit N1 - B3,4150,SINGLE FRAME 90910 TPM
Deposit N1 - B3,4151,2 X HORIZONTAL FRAME 90920 TPM
Deposit N1 - B3,4154,5 X HORIZONT FRAME 90950 TPM
Deposit N1 - B3,4155,COV RING WITH DOUBLE 90442 SPM
Deposit N1 - B3,4156,COV PLATE FOR USB 90673 TPM
Deposit N1 - B4,4024,COV PL SCHUK SOCKET IP44 70634
Deposit N1 - B4,4035,WATERPROOF FRAME IP 44  70961
Deposit N1 - B4,4040,SINGLE POLE SWITCH 37011 OPB
Deposit N1 - B4,4041,TWO CIRCUITS SWITCH 37061 OPB
Deposit N1 - B4,4042,TWO-WAY SWITCH 37071 OPB
Deposit N1 - B4,4043,DOUBLE 2-WAY SWITCH  37101 OPB
Deposit N1 - B4,4046,SINGLE POLE SWITCH 48011 OP WD
Deposit N1 - B4,4047,TWO POLE SWITCH 48021 WD OPB
Deposit N1 - B4,4048,2 CIRCUITS SWITCH 48061 OPB WD
Deposit N1 - B4,4049,TWO WAY SWITCH 48071 OPB WD
Deposit N1 - B4,4050,EARTH SOCKET  48131 OPB  WD
Deposit N1 - B5,3998,ELECTRONIC DIMMER 150W 21215-1
Deposit N1 - B5,4000,SINGEL POLE SWITCH 21011
Deposit N1 - B5,4001,TWO POLE SWITCH 21021
Deposit N1 - B5,4002,TWO CIRCUITS SWITCH 21061
Deposit N1 - B5,4003,THREE CIRCUITS SWITCH 21088
Deposit N1 - B5,4005,DOUBLE TWO WAY SWITCH 21101
Deposit N1 - B5,4013,RJ 45 CAT6 UTP CONNECTOR 21978
Deposit N1 - B5,4017,ROCKER FOR SWITCHES 70601
Deposit N1 - B5,4018,DOUBLE ROCKERS 70611
Deposit N1 - B5,4019,TRIPLE ROCKERS 70661
Deposit N1 - B5,4030,SURFACE MOUNTING BOX 10975
Deposit N1 - B5,4037,COVER PLATE MOTION  70401 TBR
Deposit N1 - B5,4058,COVER PLATE DBL USB CHAR 70673
Deposit N1 - B5,4250,VLAKHOEK 180X50MM  10293  RBR
Deposit N1 - B6,3031,TAPE 10 mtr ZWART
Deposit N1 - B6,3032,TAPE 10 mtr BLAUW
Deposit N1 - B6,3033,TAPE 10 mtr GR/GL
Deposit N1 - B6,3035,TAPE 20 mtr ZWART
Deposit N1 - B6,3036,TAPE 25 mtr BLAUW
Deposit N1 - B6,3228,TL-ORNEMENT LED 1x9W WD LEEG
Deposit N1 - B6,3230,TL ORNEMENT LED 2X9W WD LEEG
Deposit N1 - B6,4144,COV PLATE SINGLE RJ45 90751TPM
Deposit N1 - B6,4146,COV PLATE EARTH SOCKET90631TPM
Deposit N1 - B6,4146,COV PLATE EARTH SOCKET90631TPM
Deposit N1 - B6,4147,COVERPLATE EARTH 90843 USATPM
Deposit N1 - B6,4148,COV PLATE SOCKET IP44 90634TPM
Deposit N1 - B6,4149,BLIND COVER PLATE 90677 TPM
Deposit N1 - B6,4153,4 X  HORIZONT FRAME 90940 TPM
Deposit N1 - B6,4157,COVER PLATE MOTION  90401 TPM
Deposit N1 - B6,4216,T STUK 32X12.5MM  10401 ABR
Deposit N1 - B6,4218,T STUK 40X12.5MM  10051 ABR
Deposit N1 - B6,4221,T STUK 60X16MM     10071 ABR
Deposit N1 - B6,4224,T STUK 110X50MM   10091 RBR
Deposit N1 - B6,4225,T STUK 90X50MM     10181 RBR
Deposit N1 - B6,4230,BINNENHK 40X12.5MM 10052 ABR
Deposit N1 - B6,4231,BINNENHK 40X16MM 10062 ABR
Deposit N1 - B6,4234,BINNENHK 75X20MM  10142 ABR
Deposit N1 - B6,4239,VLAKHOEK 20X12.5MM  10033 ABR
Deposit N1 - B6,4240,VLAKHOEK 32X12.5MM  10403 ABR
Deposit N1 - B6,4241,VLAKHOEK 32X16MM  10043 ABR
Deposit N1 - B6,4243,VLAKHOEK 40X16MM  10063  ABR
Deposit N1 - B6,4247,VLAKHOEK 110X34MM  10083  RBR
Deposit N1 - B6,4248,VLAKHOEK 110X50MM  10093  RBR
Deposit N1 - B6,4250,VLAKHOEK 180X50MM  10293  RBR
Deposit N1 - B6,4252,VERLENG 32X12.5MM  10404 ABR
Deposit N1 - B6,4253,VERLENG 32X16MM  10044 ABR
Deposit N1 - B6,4254,VERLENG 40X12.5MM  10054  ABR
Deposit N1 - B6,4258,VERLENG 75X20MM   10144  ABR
Deposit N1 - B6,4260,VERLENG 110X50MM 10094 RBR
Deposit N1 - B6,4261,VERLENG 90X50MM  10184 RBR
Deposit N1 - B6,4264,EINDSTUK 32X12.5MM  10405 ABR
Deposit N1 - B6,4265,EINDSTUK 32X16MM   10045 ABR
Deposit N1 - B6,4274,EINDSTUK 180X50MM  10295  RBR
Deposit N1 - B6,4280,BUITENHK 50X20MM 10506 ABR
Deposit N1 - B6,4283,BUITENHK 110X34MM  10086 RBR
Deposit N1 - B6,4284,BUITENHK 110X50MM  10096  RBR
Deposit N1 - B6,4285,BUITENHK 90X50MM  10186  RBR
Deposit N1 - B7,3352,18W LED 1X1 5K OPB 100-277V
Deposit N1 - B7,4006,PULL-CORD PUSH BUTTON 21092
Deposit N1 - B7,4009,EARTH SOCKET ( USA TYPE) 21143
Deposit N1 - B7,4010,MONO DOUBLE EARTH SOCKET 70331
Deposit N1 - B7,4022,COV PL  EARTH SOCKET 70631
Deposit N1 - B7,4023,COV PL  EARTH SOCK USA 70843
Deposit N1 - B7,4029,IP 44 KIT MEC21 SINGLE 21981
Deposit N1 - B7,4034,4- GANG HORIZONTAL FRAME 70941
Deposit N1 - B7,4036,UNIVERSAL COVER RING 70881
Deposit N1 - B7,4036,UNIVERSAL COVER RING 70881
Deposit N1 - B7,4045,MOUNTINGBOX AMERICAN 10972 ABR
Deposit N1 - B7,4052,SAFETY EARTH SOCKET 45132SBR
Deposit N1 - B7,4053,SAFE EARTHSOCKET 127V 45144SBR
Deposit N1 - B7,4056,Face plate F/2 RJ Connector 2M
Deposit N1 - B7,4114,4 GANG HORIZONTAL FRAME 90940
Deposit N1 - B7,4121,SURFACE MOUNTINGBOX TRIPLE
Deposit N1 - B7,4215,T STUK 20X12.5MM  10031 ABR
Deposit N1 - B7,4219,T STUK 40X16MM     10061 ABR
Deposit N1 - B7,4220,T STUK 50X20MM     10501 ABR
Deposit N1 - B7,4222,T STUK 75X20MM     10141 ABR
Deposit N1 - B7,4223,T STUK 110X34MM   10081 RBR
Deposit N1 - B7,4227,BINNENHK 20X12.5MM 10032 ABR
Deposit N1 - B7,4228,BINNENHK 32X12.5MM 10402  ABR
Deposit N1 - B7,4229,BINNENHK 32X16MM 10042 ABR
Deposit N1 - B7,4232,BINNENHK 50X20MM  10502 ABR
Deposit N1 - B7,4233,BINNENHK 60X16MM  10072   ABR
Deposit N1 - B7,4235,BINNENHK 110X34MM  10082  RBR
Deposit N1 - B7,4236,BINNENHK 110X50MM  10092 RBR
Deposit N1 - B7,4238,BINNENHK 180X50MM  10292 RBR
Deposit N1 - B7,4242,VLAKHOEK 40X12.5MM 10053  ABR
Deposit N1 - B7,4244,VLAKHOEK 50X20MM  10503 ABR
Deposit N1 - B7,4244,VLAKHOEK 50X20MM  10503 ABR
Deposit N1 - B7,4245,VLAKHOEK 60X16MM  10073  ABR
Deposit N1 - B7,4246,VLAKHOEK 75X20MM 10143  ABR
Deposit N1 - B7,4248,VLAKHOEK 110X50MM  10093  RBR
Deposit N1 - B7,4249,VLAKHOEK 90X50MM    10183 RBR
Deposit N1 - B7,4249,VLAKHOEK 90X50MM    10183 RBR
Deposit N1 - B7,4250,VLAKHOEK 180X50MM  10293  RBR
Deposit N1 - B7,4251,VERLENG 20X12.5MM 10034 ABR
Deposit N1 - B7,4255,VERLENG 40X16MM  10064 ABR
Deposit N1 - B7,4257,VERLENG 60X16MM  0074  ABR
Deposit N1 - B7,4258,VERLENG 75X20MM   10144  ABR
Deposit N1 - B7,4259,VERLENG 110X34MM 10084 RBR
Deposit N1 - B7,4260,VERLENG 110X50MM 10094 RBR
Deposit N1 - B7,4261,VERLENG 90X50MM  10184 RBR
Deposit N1 - B7,4262,VERLENG 180X50MM 10294 RBR
Deposit N1 - B7,4262,VERLENG 180X50MM 10294 RBR
Deposit N1 - B7,4263,EINDSTUK 20X12.5MM 10035  ABR
Deposit N1 - B7,4266,EINDSTUK 40X12.5MM 10055  ABR
Deposit N1 - B7,4267,EINDSTUK 40X16MM  10065  ABR
Deposit N1 - B7,4268,EINDSTUK 50X20MM 10505  ABR
Deposit N1 - B7,4269,EINDSTUK 60X16MM  10075  ABR
Deposit N1 - B7,4270,EINDSTUK 75X20MM  10145 ABR
Deposit N1 - B7,4270,EINDSTUK 75X20MM  10145 ABR
Deposit N1 - B7,4271,EINDSTUK 110X34MM 10085  RBR
Deposit N1 - B7,4272,EINDSTUK 110X50MM 10095  RBR
Deposit N1 - B7,4275,BUITENHK 20X12.5MM 10036 ABR
Deposit N1 - B7,4276,BUITENHK 32X12.5MM 10406 ABR
Deposit N1 - B7,4277,BUITENHK 32X16MM 10046  ABR
Deposit N1 - B7,4278,BUITENHK 40X12.5MM 10056  ABR
Deposit N1 - B7,4279,BUITENHK 40X16MM  10066 ABR
Deposit N1 - B7,4281,BUITENHK 60X16MM  10076  ABR
Deposit N1 - B7,4282,BUITENHK 75X20MM  10146  ABR
Deposit N1 - B7,4282,BUITENHK 75X20MM  10146  ABR
Deposit N1 - B7,4285,BUITENHK 90X50MM  10186  RBR
Deposit N1 - B7,4286,BUITENHK 180X50MM 10296  RBR
Deposit N1 - B7,4287,Q45 MOD ADAPTER 2 MOD 10950ABR
Deposit N1 - B7,4288,Q45 MOD COV PL 2 MOD 10959 ABR
Deposit N1 - B7,4288,Q45 MOD COV PL 2 MOD 10959 ABR
Deposit N1 - B7,4289,Q45  ADAPTER 2 MOD 10986 ABR
Deposit N1 - B7,4290,Q45  ADAPTER 4 MOD 10952 ABR
Deposit N1 - B7,4290,Q45  ADAPTER 4 MOD 10952 ABR
Deposit N1 - B7,4291,Q45 ADAPTER 6 MOD 10954 ABR
Deposit N1 - B7,4292,FLUSH MOUNT BOX USA 10971 ABR
Deposit N1 - B7,90107,COV PLATE DIMM 2WAY SW90721TAL
Deposit N1 - B8,4007,DIMMER/ 2 WAY 320 WRC 21217
Deposit N1 - B8,4007,DIMMER/ 2 WAY 320 WRC 21217
Deposit N1 - B8,4009,EARTH SOCKET ( USA TYPE) 21143
Deposit N1 - B8,4011,RJ 45 CAT 6 UTP  SOCKET 21455
Deposit N1 - B8,4011,RJ 45 CAT 6 UTP  SOCKET 21455
Deposit N1 - B8,4012,RJ 45 CAT 5 E UTP SOCKET 21453
Deposit N1 - B8,4015,TELEPHONE SOCKET 21252
Deposit N1 - B8,4020,COV PLATE  PULL CORD 70741
Deposit N1 - B8,4021,COVER PLATE  DIMMER 70721
Deposit N1 - B8,4023,COV PL  EARTH SOCK USA 70843
Deposit N1 - B8,4025,COVER PLATE  SINGLE RJ45 70751
Deposit N1 - B8,4026,COVER RING WITH DOUBLE 70442
Deposit N1 - B8,4027,COVER PLATE  TELEPHONE 70712
Deposit N1 - B8,4028,BLIND COVER PLATE 70677
Deposit N1 - B8,4031,SINGLE FRAME 70910
Deposit N1 - B8,4032,DOUBLE HORIZONTAL FRAME 70921
Deposit N1 - B8,4033,TRIPLE HORIZONTAL FRAME 70931
Deposit N1 - B8,4034,4- GANG HORIZONTAL FRAME 70941
Deposit N1 - B9,3996,MOTION DETECTOR 21401
Deposit N1 - B9,4009,EARTH SOCKET ( USA TYPE) 21143
Deposit N1 - B9,4122,COVER PLATE MOTION  90401 TBR
Deposit N1 - C1,7130,HPS ARMATUUR 70W FML005
Deposit N1 - C1,7132,HPS ARMATUUR 250W FML006
Deposit N1 - C2,4100,ROCKER FOR SWITCHES 90601 TBR
Deposit N1 - C2,4101,DOUBLE ROCKERS 90611 TBR
Deposit N1 - C2,4102,TRIPLE ROCKERS 90661 TBR
Deposit N1 - C2,4104,COVER PLATE FOR DIMMER 90721 T
Deposit N1 - C2,4107,COVER PLATE- EARTH SOCKET90631
Deposit N1 - C2,4107,COVER PLATE- EARTH SOCKET90631
Deposit N1 - C2,4110,BLIND COVER PLATE 90677 TBR
Deposit N1 - C2,4111,SINGLE FRAME 90910 TBR
Deposit N1 - C2,4113,TRIPLE HORIZONTAL FRAME 90930
Deposit N1 - C2,4114,4 GANG HORIZONTAL FRAME 90940
Deposit N1 - C2,4117,COVER RING WITH DOUBLE 90442
Deposit N1 - C2,4146,COV PLATE EARTH SOCKET90631TPM
Deposit N1 - C3,15142,OPBOUW KAST WD CSG13PT/RR
Deposit N1 - C3,3997,SPEED CONTROLLER 21219
Deposit N1 - C3,4103,COVER PLATE  PULL CORD 90741
Deposit N1 - C3,4105,COVER PLATE SINGLE RJ45 90751
Deposit N1 - C3,4106,COVER PLATE - TELEPHONE 90712
Deposit N1 - C3,4109,COVER PLATE SCHUKO SOCKET90634
Deposit N1 - C3,4112,DOUBLE HORIZONTAL FRAME 90920
Deposit N1 - C3,4116,WATERPROOF FRAME IP 44  90961
Deposit N1 - C3,4118,COVER PLATE  DBL USB CHA90673
Deposit N1 - C3,4119,SURFACE MOUNTINGBOX 10976 ABR
Deposit N1 - C3,8021,CMH100/TT/UVC/730/E40 SKU 7739
Deposit N1 - C4,0201,KABEL YMvK 3G2.5mm rol/100mtr
Deposit N1 - C4,0278,KABELGOOT 100x40 mm
Deposit N1 - C4,0284,KABELGOOT 60x40 mm
Deposit N1 - C4,0285,KABELGOOT 10x8 mm
Deposit N1 - C4,0288,KABELGOOT 70x40 mm
Deposit N1 - C4,0289,KABELGOOT 70x60 mm
Deposit N1 - C4,0290,KABELGOOT 100x60 mm
Deposit N1 - C4,0291,KABELGOOT  DEKSEL70x40 mm
Deposit N1 - C4,0292,KABELGOOT DEKSEL 70x60 mm
Deposit N1 - C4,0293,KABELGOOT DEKSEL 100x60 mm
Deposit N1 - C4,4200,KABELGOOT 12x7MM 10010 FBR
Deposit N1 - C4,4201,KABELGOOT 16X10MM 10020 FBR
Deposit N1 - C4,4201,KABELGOOT 16X10MM 10020 FBR
Deposit N1 - C4,4207,KABELGOOT 50X20MM 10500 CBR
Deposit N1 - C4,4209,KABELGOOT 75X20MM 10140 CBR
Deposit N1 - C4,4210,KABELGOOT 110X34MM 10080 RBR
Deposit N1 - C4,4211,KABELGOOT 110X50MM 10090RBR
Deposit N1 - C4,4212,KABELGOOT 90X50MM 10180 RBR
Deposit N1 - C4,4213,KABELGOOT 180X50MM 10290 RBR
Deposit N1 - C4,4260,VERLENG 110X50MM 10094 RBR
Deposit N2 - A1,1506,OPBOUWKAST 2-RIJ 36PE 610285
Deposit N2 - A1,1511,INBOUWKAST 2-RIJ  28MOD 610373
Deposit N2 - A1,1611,OPB.KAST OLINTHOS 2RIJ 24 PE
Deposit N2 - A1,1612,OPB.KAST OLINTHOS 3RIJ 36 PE
Deposit N2 - A1,7193,INB.KAST MP14 METALBOX NG
Deposit N2 - A1,7195,INB.KAST MP42 METALBOX NG
Deposit N2 - A1,7196,INB.KAST MP56 METALBOX NG
Deposit N2 - A2,7144,OPB.KAST WD 6MD R1306BR1
Deposit N2 - A2,7148,OPB.KAST WD 8MD 1308BR1
Deposit N2 - A2,7168,OPB.KAST WD 36MD 1336PR1
Deposit N2 - A2,7194,INB.KAST MP28 METALBOX NG
Deposit N2 - A3,1507,OPBOUWKAST4-RIJ VA 424 T 48PE
Deposit N2 - A3,1657,MOELLER OPB BF-0-5/120
Deposit N2 - A3,1665,MOELLER INB BF-U-5/120
Deposit N2 - A3,7151,OPB.KAST 28MD 5281R1
Deposit N2 - A4,1664,MOELLER INB BF-U-4/96
Deposit N2 - A4,7147,OPB.KAST WD 48MD 1348R1
Deposit N2 - A4,7184,INB.KAST MP14 METALBOX
Deposit N2 - A4,7193,INB.KAST MP14 METALBOX NG
Deposit N2 - A5,1659,MOELLER OPB BF-0-3/72
Deposit N2 - A5,1985,MESPATROON HOUDER 160 A-NH-00
Deposit N2 - A5,1987,MESPATROON HOUDER 250 A-NH-1
Deposit N2 - A5,1988,MESPATROON HOUDER 400 A-NH-2
Deposit N2 - A6,1657,MOELLER OPB BF-0-5/120
Deposit N2 - A6,1658,MOELLER OPB BF-0-6/144
Deposit N2 - A6,1666,MOELLER INB BF-U-6/144
Deposit N2 - A6,7186,INB.KAST MP42 METALBOX
Deposit N2 - A6,7191,EARTH TERMINAL GREEN
Deposit N2 - A6,7195,INB.KAST MP42 METALBOX NG
Deposit N2 - B1,1709,ETI  AUTOMAAT6KA 6A 1P+N BKAR
Deposit N2 - B1,1710,ETI  AUTOMAAT6KA 16A 1P+N BKAR
Deposit N2 - B1,1711,ETI  AUTOMAAT6KA 16A 1P+N CKAR
Deposit N2 - B1,1711,ETI  AUTOMAAT6KA 16A 1P+N CKAR
Deposit N2 - B1,1712,ETI  AUTOMAAT6KA 20A 1P+N CKAR
Deposit N2 - B1,1713,ETI  AUTOMAAT6KA 25A 1P+N CKAR
Deposit N2 - B1,1715,ETI AUTOMAAT 6KA 1P+N 25A B
Deposit N2 - B1,1737,ETI AUTOMAAT 6KA 3P+N 6A BKAR
Deposit N2 - B1,1742,ETI  AUTOMAAT6KA 32A 1P+N CKAR
Deposit N2 - B1,1769,ETI  AUTOMAAT6KA B40 1P B KAR
Deposit N2 - B1,1937,HOOFDSCHAKELAAR 400A
Deposit N2 - B1,1954,OMSCHAKELAAR 63A 3P+N
Deposit N2 - B1,1958,OMSCHAKELAAR 250A 3P+N
Deposit N2 - B1,1972,SCHAKELAAR MESPATR INB 630A
Deposit N2 - B1,1995,OMSCHAKELAAR 160A 3P+N
Deposit N2 - B1,8031,"ETI aardleksch 40A 4P0,03 127V"
Deposit N2 - B2,1522,"GE AUTO 25A, 3P-2MOD C  UNIBIS"
Deposit N2 - B2,1523,"GE AUTO 25A, 4P-2MOD C  UNIBIS"
Deposit N2 - B2,1533,"GE SCHAKELAAR 125A, 4POL"
Deposit N2 - B2,1564,"GE  AUTOMAAT 32A, 3POL C-KAR"
Deposit N2 - B2,1565,"GE  AUTOMAAT 40A, 3POL C-KAR"
Deposit N2 - B2,1566,"GE AUTOMAAT 50A, 3POL C-KAR"
Deposit N2 - B2,1567,"GE  AUTOMAAT 63A, 3POL C-KAR"
Deposit N2 - B2,1569,"GE  AUTOMAAT 32A, 3P+N C-KAR"
Deposit N2 - B2,1570,"GE  AUTOMAAT 40A, 3P+N C-KAR"
Deposit N2 - B2,1571,"GE  AUTOMAAT 50A, 3P+N C-KAR"
Deposit N2 - B2,1574,"GE  AUTOMAAT 100A, 3P+N C KAR"
Deposit N2 - B2,1576,"GE  AUTOMAAT 16A, 3P+N C-KAR"
Deposit N2 - B2,1577,"GE  AUTOMAAT 20A, 3P+N C-KAR"
Deposit N2 - B2,1717,ETI AUTOMAAT 6KA 2P 16A B KAR
Deposit N2 - B2,1718,ETI AUTOMAAT 6KA 2P 20A CKAR
Deposit N2 - B2,1719,ETI AUTOMAAT 6KA 2P 25A CKAR
Deposit N2 - B2,1727,ETI AUTOMAAT 6KA 3P+N 16A BKAR
Deposit N2 - B2,1728,ETI AUTOMAAT 6KA 3P+N 16A CKAR
Deposit N2 - B2,1738,ETI AUTOMAAT 6KA 3P+N 6A CKAR
Deposit N2 - B2,1739,ETI AUTOMAAT 6KA 2P 32A CKAR
Deposit N2 - B2,1740,ETI AUTOMAAT 6KA 2P 40A CKAR
Deposit N2 - B2,1788,ETI  4804051 KWH METER 3X63A D
Deposit N2 - B2,7037,JVM 65-125 100A 3P+N C-TYPE
Deposit N2 - B2,7038,JVM 65-125 125A 3P+N C-TYPE
Deposit N2 - B3,1520,"GE AUTO 16A, 3P-2MOD C  UNIBIS"
Deposit N2 - B3,1521,"GE AUTO 20A, 3P-2MOD C  UNIBIS"
Deposit N2 - B3,1561,"GE  AUTOMAAT 16A, 3POL C-KAR"
Deposit N2 - B3,1562,"GE  AUTOMAAT 20A, 3POL C-KAR"
Deposit N2 - B3,1659,MOELLER OPB BF-0-3/72
Deposit N2 - B3,1699,ETI AFDEK STROOK 2911003
Deposit N2 - B3,1714,ETI  AUTOMAAT6KA 50A 1P+N CKAR
Deposit N2 - B3,1720,ETI AUTOMAAT 6KA 3P 16A CKAR
Deposit N2 - B3,1721,ETI AUTOMAAT 6KA 3P 20A C KAR
Deposit N2 - B3,1722,ETI AUTOMAAT 6KA 3P 25A C KAR
Deposit N2 - B3,1723,ETI AUTOMAAT 6KA 3P 32A C KAR
Deposit N2 - B3,1724,ETI AUTOMAAT 6KA 3P 40A CKAR
Deposit N2 - B3,1725,ETI AUTOMAAT 6KA 3P 50A CKAR
Deposit N2 - B3,1726,ETI AUTOMAAT 6KA 3P 63A CKAR
Deposit N2 - B3,1730,ETI AUTOMAAT 6KA 3P+N 32A CKAR
Deposit N2 - B3,1731,ETI AUTOMAAT 6KA 3P+N 40A CKAR
Deposit N2 - B3,1732,ETI AUTOMAAT 6KA 3P+N 50A CKAR
Deposit N2 - B3,1733,ETI AUTOMAAT 6KA 3P+N 63A CKAR
Deposit N2 - B3,1931,SCHAKELKAST&SCHAKELAAR 400A
Deposit N2 - B3,1941,PANELHANDLE 40A - 250A-DS-SA01
Deposit N2 - B3,1942,DIRECT HANDEL 40A T/M 250A-CD
Deposit N2 - B3,1943,DIRECT HANDLE 250A T/M 400A-CD
Deposit N2 - B3,1943,DIRECT HANDLE 250A T/M 400A-CD
Deposit N2 - B3,1944,PANEL HANDEL 250A T/M 400A-CD
Deposit N2 - B3,1946,PANELHANDEL 500A 800A- DCCLA21
Deposit N2 - B3,1950,DIRECT HANDLE 800A-1000A-CD
Deposit N2 - B3,1951,PANELHANDEL 800A-1250A-DS-LA31
Deposit N2 - B3,1961,DINRAIL KIT VOOR OMSCH 40A/16A
Deposit N2 - B3,1962,DIRECT HANDLE 40A-200A-CD
Deposit N2 - B3,1964,DIRECT HANDLE 630A-800A OMKEER
Deposit N2 - B3,1965,DOORVERBINDINGSET 40A T/M 80A
Deposit N2 - B3,1966,DOORVERBINDINGSET 125AT/M200A
Deposit N2 - B3,1973,DIRECT HANDLE 125A-160A-M11
Deposit N2 - B3,1974,DIRECT HANDLE 250A-630A-M21
Deposit N2 - B3,2006,SCHIJDER NH 00 SPECIAL
Deposit N2 - B4,1933,HOOFDSCHAKELAAR 125A S5000
Deposit N2 - B4,1934,HOOFDSCHAKELAAR 160A INBUS
Deposit N2 - B4,1935,HOOFDSCHAKELAAR 160A S5000
Deposit N2 - B4,1936,HOOFDSCHAKELAAR 250A
Deposit N2 - B4,1937,HOOFDSCHAKELAAR 400A
Deposit N2 - B4,1938,HOOFDSCHAKELAAR 630A
Deposit N2 - B4,1939,HOOFDSCHAKELAAR 800A
Deposit N2 - B4,1940,HOOFDSCHAKELAAR 1000A
Deposit N2 - B4,1954,OMSCHAKELAAR 63A 3P+N
Deposit N2 - B4,1955,OMSCHAKELAAR 80A 3P+N
Deposit N2 - B4,1957,OMSCHAKELAAR 160A 3P
Deposit N2 - B4,1959,OMSCHAKELAAR 400A 3P+N
Deposit N2 - B4,1959,OMSCHAKELAAR 400A 3P+N
Deposit N2 - B4,1960,OMSCHAKELAAR 630A 3P+N
Deposit N2 - B4,1995,OMSCHAKELAAR 160A 3P+N
Deposit N2 - B5,1524,"GE AUTOMAAT 6A, 2P B  UNIBIS"
Deposit N2 - B5,1535,"GE AARDLEKSCHAKELAAR 63A, 30mA"
Deposit N2 - B5,1549,"GE  AUTOMAAT 16A, 2POL B-KAR"
Deposit N2 - B5,1550,"GE  AUTOMAAT 20A, 2POL B-KAR"
Deposit N2 - B5,1553,"GE  AUTOMAAT 25A, 1P+N B-KAR"
Deposit N2 - B5,1554,"GE  AUTOMAAT 16A, 1P+N C-KAR"
Deposit N2 - B5,1555,"GE  AUTOMAAT 20A, 1P+N C-KAR"
Deposit N2 - B5,1556,"GE  AUTOMAAT 32A, 1P+N C-KAR"
Deposit N2 - B5,15977,ROTARY HANDLE 730667
Deposit N2 - B5,15978,MANDO ROT 436476
Deposit N2 - B5,1700,ETI 2423423 SCHAKELAAR 4P 40A
Deposit N2 - B5,1701,ETI 2423414 SCHAKELAAR 4P 63A
Deposit N2 - B5,1702,ETI 2423415 SCHAKELAAR 4P 80A
Deposit N2 - B5,1703,ETI 2423416 SCHAKELAAR 4P 100A
Deposit N2 - B5,1704,ETI 2423417 SCHAKELAAR 4P 125A
Deposit N2 - B5,1750,ETI  MAGNEET SCHAKELAAR 2P 20A
Deposit N2 - B5,1751,ETI  MAGNEET SCHAKELAAR 4P 25A
Deposit N2 - B5,1752,ETI MAGNEET SCHAKELAAR 4P 40A
Deposit N2 - B5,1753,ETI  MAGNEET SCHAKELAAR 4P 63A
Deposit N2 - B5,1765,ETI AARDLEKSCH 4P 80A 30 mA
Deposit N2 - B5,1766,ETI AARDLEKSCH 4P 100A 30 mA
Deposit N2 - B5,1766,ETI AARDLEKSCH 4P 100A 30 mA
Deposit N2 - B5,1767,ETI AARDLEKSCH 4P 80A 300 MA
Deposit N2 - B5,1768,ETI AARDLEKSCH 4P 100A 300 MA
Deposit N2 - B5,1770,ETI AARDLEKSCH 4P 100A 100 mA
Deposit N2 - B5,1771,ETI 2444005 TNC-S 25/100 4+0
Deposit N2 - B5,1947,EXTENDEDSHAFT 40A-250A L=187MM
Deposit N2 - B5,1949,EXTENDEDSHAFT 250A-400A L=340
Deposit N2 - B5,1952,EXTENDEDSHAFT 800A-1000A L=299
Deposit N2 - B5,1967,EXTENDEDSHAFT 200A-1250A L=414
Deposit N2 - B5,1978,EXTENDEDSHAFT 40A-250A L=347MM
Deposit N2 - B5,1979,EXTENDED SHAFT 250A-630A M21
Deposit N2 - B5,1980,EXTENDED SHAFT 630A M21
Deposit N2 - B6,11481,INB.DOOS PLASTIC 4x4 WIT
Deposit N2 - B6,11482,DEKSEL DOOS PLASTIC 4x4 WIT
Deposit N2 - B6,1496,OPBOUW KAST 2 MOD 610090
Deposit N2 - B6,1497,OPBOUW KAST 4 MOD 610091
Deposit N2 - B6,1529,"GE SCHAKELAAR  80A, 4POL"
Deposit N2 - B6,1532,"GE SCHAKELAAR 100A, 4POL"
Deposit N2 - B6,1536,"GE AARDLEKSCHAKEL 40A, 300mA"
Deposit N2 - B6,15952,GE RELAY 4P 40 A
Deposit N2 - B6,1649,OPBOUWKAST IDE ARM.40COM72
Deposit N2 - B6,1705,ETI AARDLEKSCH 4P 40A 30 mA
Deposit N2 - B6,1706,ETI AARDLEKSCH 4P 63A 30 mA
Deposit N2 - B6,1707,ETI AARDLEKSCH 4P 40A 300mA
Deposit N2 - B6,1708,ETI AARDLEKSCH 4P 63A 300 mA
Deposit N2 - B6,1734,ETI AARDLEK AUTOM 1P+N16A B 30
Deposit N2 - B6,1736,ETI AUTOMAAT 6KA 3P+N 20A CKAR
Deposit N2 - B6,1741,ETI AUTOMAAT 6KA 2P 6A B KAR
Deposit N2 - B6,1743,ETI  AUTOMAAT15KA 80A 3P+N C
Deposit N2 - B6,1744,ETI  AUTOMAAT15KA 100A 3P+N C
Deposit N2 - B6,1745,ETI  AUTOMAAT15KA 125A 3P+N C
Deposit N2 - B6,1745,ETI  AUTOMAAT15KA 125A 3P+N C
Deposit N2 - B6,1748,ETI TIJDKLOK SHT 1 KANAL 230V
Deposit N2 - B6,1749,ETI TIJDKLOK SHT 2 KANAL 230V
Deposit N2 - B6,1755,ETI AARDLEK AUTOM 2P B16 30MA
Deposit N2 - B6,1758,ETI AARDLEK AUTOM 2P C25 30MA
Deposit N2 - B6,1761,ETI VERMOGENS AUTOM EB 400/4S
Deposit N2 - B6,1784,ETI AARDLEK AUTOM 1P+N25A C 30
Deposit N2 - B6,1941,PANELHANDLE 40A - 250A-DS-SA01
Deposit N2 - B6,1941,PANELHANDLE 40A - 250A-DS-SA01
Deposit N2 - B6,1945,DIRECT HANDLE 400A T/M 800A-CD
Deposit N2 - B6,1946,PANELHANDEL 500A 800A- DCCLA21
Deposit N2 - B6,1963,DIRECT HANDLE 200A-400A OMKEER
Deposit N2 - B6,1964,DIRECT HANDLE 630A-800A OMKEER
Deposit N2 - B6,1975,PANELHANDEL 125A-160A- DCELAB1
Deposit N2 - B6,1976,PANEL HANDEL 250A-400A-M21
Deposit N2 - B6,1977,PANEL HANDEL 630A-M21
Deposit N2 - B6,7037,JVM 65-125 100A 3P+N C-TYPE
Deposit N2 - B6,7038,JVM 65-125 125A 3P+N C-TYPE
Deposit N2 - B6,7040,LNC1  20A  2P 1MOD CONTACTOR
Deposit N2 - B6,7041,LNC1  20A  4P 2MOD CONTACTOR
Deposit N2 - B6,7042,LNC1 25A 4P 2MOD CONTACTOR
Deposit N2 - C1,1959,OMSCHAKELAAR 400A 3P+N
Deposit N2 - C1,1968,SCHAKELAAR MESPATR INB 125A
Deposit N2 - C1,1969,SCHAKELAAR MESPATR INB 160A
Deposit N2 - C1,1970,SCHAKELAAR MESPATR INB 250A
Deposit N2 - C1,1971,SCHAKELAAR MESPATR INB 400A
Deposit N2 - C1,1972,SCHAKELAAR MESPATR INB 630A
Deposit N2 - C1,7018,JVM19-63   6A  2P B-TYPE AUTOM
Deposit N2 - C1,7043,JVL5-40 16A 1P+N - C 30mA
Deposit N2 - C2,7000,JVD16 - 63   40A 4P SCHAKELAAR
Deposit N2 - C2,7001,JVD16 - 63   63A 4P SCHAKELAAR
Deposit N2 - C2,7003,JVD16 -125 100A 4P SCHAKELAAR
Deposit N2 - C2,7004,JVD16 -125 125A 4P SCHAKELAAR
Deposit N2 - C2,7007,JVL16 -63 40A 4P 300mA AARDLEK
Deposit N2 - C2,7008,JVL16 -63 63A 4P 300mA AARDLEK
Deposit N2 - C2,7009,JVM16 -32   6A1P+N B-TYPE AUT
Deposit N2 - C2,7022,JVM19 -63  16A 3P C-TYPE AUTOM
Deposit N2 - C2,7023,JVM19 -63  20A 3P C-TYPE AUTOM
Deposit N2 - C2,7024,JVM16 -63  25A 3P C-TYPE AUTOM
Deposit N2 - C2,7025,JVM16 -63  32A 3P C-TYPE AUTOM
Deposit N2 - C2,7026,JVM16 -63  40A 3P C-TYPE AUTOM
Deposit N2 - C2,7027,JVM19 -63  50A 3P C-TYPE AUTOM
Deposit N2 - C2,7027,JVM19 -63  50A 3P C-TYPE AUTOM
Deposit N2 - C2,7028,JVM19 -63  63A 3P C-TYPE AUTOM
Deposit N2 - C2,7062,JVRO16-32 1P+N C 20 30 mA
Deposit N2 - C2,7063,JVRO16-32 1P+N C 25 30 mA
Deposit N2 - C3,119801,BERKER COMB SCH/SCHUKO 437605
Deposit N2 - C3,1202,BERKER SERIE OPB 61300849
Deposit N2 - C3,1399,BERKER WIPSCHA 2X/WIS 61303808
Deposit N2 - C3,1403,BERKER WCD 127V  INB  WD 4202
Deposit N2 - C3,1404,BERKER WIPPENSCHAK 3x1P 633023
Deposit N2 - C3,1405,BERKER WIPSCHA UIT/WISS 613036
Deposit N2 - C3,1406,BERKER WIPSCHAK SERIE 613035
Deposit N2 - C3,1407,BERKER WIPSCHAK  2P 613032
Deposit N2 - C3,1408,BERKER WIPSCHAK  KRUIS 613037
Deposit N2 - C3,1409,BERKER UNIV DRAAI DIMM  286110
Deposit N2 - C3,1410,DRAAI DIMM DRUK/UIT 283010
Deposit N2 - C3,1412,BERKER AFDEKRAAM  2V  10128989
Deposit N2 - C3,1413,BERKER AFDEKRAAM  3V  10138989
Deposit N2 - C3,1414,BERKER AFDEKRAAM  4V  10148989
Deposit N2 - C3,1415,BERKER AFDEKRAAM  5V  10158989
Deposit N2 - C3,1416,BERKER AFDEKPL SCHAK 16208989
Deposit N2 - C3,1418,BERKER AFDEKPL SERIE 16238989
Deposit N2 - C3,14180,BERKER AFDPL SCHAK 3P 16658989
Deposit N2 - C3,1419,BERKER KNOP DRAAIDIMM 11378989
Deposit N2 - C3,1420,BERKER AFDEKRAAM 1V WD 132809
Deposit N2 - C3,1425,BERKER TOERENTAL  REGEL 296801
Deposit N2 - C3,1427,BERKER CENTR-STK DATA 11818989
Deposit N2 - C3,1428,BERKER DRAAGPL 2-V DATA 454105
Deposit N2 - C3,1429,BERKER-UNI DRAAI DIMM 286210
Deposit N2 - C3,1430,BERKER AFDICHTFLENS  V WD 1884
Deposit N2 - C3,1478,BERKER SCHUKO-DUBB 6147548989
Deposit N2 - C3,1480,BERKER DUBB SCHUKO IP44 427505
Deposit N2 - C3,7006,JVL16 -63  63A 4P 30mA AARDLEK
Deposit N2 - C3,7039,JVT3-16D TIMER
Deposit N2 - C4,7154,INB.KAST 12/14MD 5012R1
Deposit N2 - C4,7155,INB.KAST 24/28MD 5250R1
Deposit N2 - C4,7156,INB.KAST 36/42MD 5260R1
Deposit N2 - C5,7010,JVM16 -32  16A 1P+N B-TYPE AUT
Deposit N2 - C5,7011,JVM16 -32  20A 1P+N B-TYPE AUT
Deposit N2 - C5,7013,JVM16 -32  16A 1P+N C-TYPE AUT
Deposit N2 - C5,7014,JVM16 -32  20A 1P+N C-TYPE AUT
Deposit N2 - C5,7015,JVM16 -32  25A 1P+N C-TYPE AUT
Deposit N2 - C5,7016,JVM16 -32  32A 1P+N C-TYPE AUT
Deposit N2 - C5,7017,JVM19 -63  16A 2P B-TYPE AUTOM
Deposit N2 - C5,7019,JVM16 -63  16A 2P C-TYPE AUTOM
Deposit N2 - C5,7020,JVM19 -63  20A 2P C-TYPE AUTOM
Deposit N2 - C5,7021,JVM19 -63  25A 2P C-TYPE AUTOM
Deposit N2 - C6,7005,JVL16 -63  40A 4P 30mA AARDLEK
Deposit N2 - C6,7007,JVL16 -63 40A 4P 300mA AARDLEK
Deposit N2 - C6,7030,JVM16-63 16A 3P+N C-TYPE AUTOM
Deposit N2 - C6,7032,JVM16 -63 32A 3P+N C-TYPE AUTO
Deposit N2 - C6,7033,JVM16 -63 40A 3P+N C-TYPE AUTO
Deposit N2 - C6,7034,JVM16 -63 50A 3P+N C-TYPE AUTO
Deposit N2 - C6,7035,JVM16 -63 63A 3P+N C-TYPE AUTO
Deposit N2 - C6,7182,ROL VERLENGSNOER 15M 7423/1
Deposit N2 - C6,7183,ROL VERLENGSNOER 25M 7425/1
Deposit N2 - D1,7153,OPB.KAST 56MD 5271R1
Deposit N2 - D1,7167,OPB.KAST 12MD 8703R1
Deposit N2 - D1,7169,OPB.KAST WD 11MD BW 1311AR1
Deposit N2 - D2,1664,MOELLER INB BF-U-4/96
Deposit N2 - D2,7146,OPB.KAST WD 8MD 1308PR1 BW
Deposit N2 - D2,7152,OPB.KAST 42MD 5261R1
Deposit N2 - D3,1657,MOELLER OPB BF-0-5/120
Deposit N2 - D3,1661,MOELLER INB BF-U-5/165
Deposit N2 - D3,7141,BW.KAST WD 16MD  1316P-R1
Deposit N2 - D3,7145,BW.KAST WD 32MD 1332PR1
Deposit N2 - D4,1656,MOELLER OPB BF-0-4/96
Deposit N2 - D4,7149,OPB.KAST 8MD 5109R1
Deposit N2 - D4,7150,OPB.KAST 14MD 5021R1
Deposit N2 - D5,1992,SCHAKELKAST MESPATROON 400A
Deposit N2 - D5,1993,SCHAKELKAST MESPATROON 630A
Deposit N2 - D5,3314,PICKENS RFTN 150W 7000K FLAT
Deposit N2 - D6,0511,PLAFONDDOOS 97371201 GRO-2 120
Deposit N2 - D6,1510,INBOUWKAST 1-RIJ BLD 610372
Deposit N2 - D6,1991,SCHAKELKAST MESPATROON 250A
Deposit N2 - D6,3487,ETI 3901375  EINDPLAAT VSV4
Deposit N2 - D6,3487,ETI 3901375  EINDPLAAT VSV4
Deposit N2 - D6,3487,ETI 3901375  EINDPLAAT VSV4
Deposit N2 - D6,3492,ETI3901360 LIN UP  VSV4 FUSE
Deposit N2 - D6,3492,ETI3901360 LIN UP  VSV4 FUSE
Deposit N2 - D6,3493,ETI 3901539 GR VS 35 YELLO/GR
Deposit N2 - D6,3494,ETI 3901518 GR VS 16 YELLO/GR
Deposit N2 - D6,3495,ETI 3901497 GR VS6 YELLO/GR
Deposit N2 - D6,3496,ETI 3901476 GR VS4 YELLO/GR
Deposit N2 - D6,3498,ETI 3901037 TERMINAL VS 4MM
Deposit N2 - D6,3500,ETI 3901068 TERMINAL VS 6 IVOR
Deposit N2 - D6,3501,ETI 3901069 TERMINAL VS 6 BLUE
Deposit N2 - D6,3502,ETI 3901129 TERMINAL VS 16 IVO
Deposit N2 - D6,3503,ETI 3901130 TERMINAL VS16 BLUE
Deposit N2 - D6,3504,ETI 3901188 TERMINAL VS 70 IVO
Deposit N2 - D6,3504,ETI 3901188 TERMINAL VS 70 IVO
Deposit N2 - D6,3505,ETI 3901189 TERMINAL VS70 BLUE
Deposit N2 - D6,3506,ETI 3901101 TERMINAL VS10 IVOR
Deposit N2 - D6,3507,ETI 3901102 TERMINAL VS10 BLUE
Deposit N2 - D6,3508,ETI 3901157 TERMINAL VS35 IVOR
Deposit N2 - D6,7157,INB.KAST 48/56MD 5270R1
Deposit N3 - A1,0493,KABELDOOS EP088 (18100)
Deposit N3 - A1,0494,KABELDOOS EV111(18300)
Deposit N3 - A1,1196,WCD EUR ENK R/A OPB WD KOPP
Deposit N3 - A1,1236,CONTRA STEK R/A RUBBER HSKP16G
Deposit N3 - A1,15141,OPBOUW KAST WD CS13PT/RR
Deposit N3 - A1,3252,U-BUIS   40W DL
Deposit N3 - A1,7158,OPB.STOPCONTACT WD 3160
Deposit N3 - A1,7160,RUBBER STEKKER 5706C
Deposit N3 - A1,7163,TERMOPLASTIC STEKKER 6428 WIT
Deposit N3 - A1,7164,TERMOPLASTIC CONTRA 6707B WIT
Deposit N3 - A1,7165,TERMOPLASTIC CONTRA 6707CN
Deposit N3 - A1,7166,TERMOPLASTIC CONTRA 5019
Deposit N3 - A1,7173,TERMOPLASTIC ZIJK STEKKER 6566
Deposit N3 - A2,0390,MONTAGEBAND 12mm
Deposit N3 - A2,0391,MONTAGEBAND 17mm
Deposit N3 - A2,0408,KABEL EINDHULS 2x4mm ISOLEERT
Deposit N3 - A2,1157,3 GANG BOX METAAL MSB-3
Deposit N3 - A2,1158,4 GANG BOX METAAL MSB-4
Deposit N3 - A2,1159,5 GANG BOX METAAL MSB-5
Deposit N3 - A2,1161,PHOTOCEL 220 VOLT A-1068W
Deposit N3 - A2,1216,"TREKKOORTJE  1,9 mtr"
Deposit N3 - A2,1218,TIMER 250V/50Hz WHITE
Deposit N3 - A2,1223,KOPP WCD EUR DUB R/AOPB 74108
Deposit N3 - A2,1223,KOPP WCD EUR DUB R/AOPB 74108
Deposit N3 - A2,1237,VERLOOP STEKKER PEN PL 695
Deposit N3 - A2,1242,VERLOOP STEKKER PEN RO 686
Deposit N3 - A2,1651,RAIL COPPER 30X10X2000 48803
Deposit N3 - A2,16510,RAIL COPPER 20X5X1000 48794
Deposit N3 - A2,3119,SURGE PROTECTOR 127V USB
Deposit N3 - A2,3292,STARTERHOUDER PLAT     125-6
Deposit N3 - A2,3293,STARTERHOUDER CLIP     125-5
Deposit N3 - A2,33210,PICKENS LMP 250W PUBLIC 6000K
Deposit N3 - A2,7070,ADER EINDHULS 1.5mm E1508
Deposit N3 - A2,7071,ADER EINDHULS 2.5mm E2508
Deposit N3 - A2,7072,ADER EINDHULS 4mm E4012
Deposit N3 - A2,7073,ADER EINDHULS 6mm E6012
Deposit N3 - A2,7076,ADER EINDHULS 25mm E2516
Deposit N3 - A2,7077,ADER EINDHULS 35mm E3516
Deposit N3 - A2,7078,ADER EINDHULS 50mm E5020
Deposit N3 - A2,7079,ADER EINDHULS 2X1.5mm TE1508
Deposit N3 - A2,7079,ADER EINDHULS 2X1.5mm TE1508
Deposit N3 - A2,7080,ADER EINDHULS 2X2.5mm TE2510
Deposit N3 - A2,7081,ADER EINDHULS 2X4mm TE4012
Deposit N3 - A2,7082,ADER EINDHULS 2X6mm TE6014
Deposit N3 - A2,7083,ADER EINDHULS 2X10mm TE1014
Deposit N3 - A2,7084,ADER EINDHULS 2X16mm TE1614
Deposit N3 - A2,7177,LAMPHOUDER 6511/75
Deposit N3 - B1,0480,T-DOOS              4206-D
Deposit N3 - B1,0481,MIDDENDOOS DUBBEL 4207-D
Deposit N3 - B1,0484,TOP T DOOS DUBB. R. 4210-D
Deposit N3 - B1,0485,TOP T DOOS DUBB. L.  4211-D
Deposit N3 - B10,1034,WCD AM INB DUB R/A DEC 1107V
Deposit N3 - B10,1036,WCD AM INB 220V R/A     1876V
Deposit N3 - B10,1117,WALLPLATE AM TRI SW       953V
Deposit N3 - B10,1118,WALLPLATE AM BLD        2129V
Deposit N3 - B10,1120,WALLPLATE AM ENK RP 2131V
Deposit N3 - B10,1122,WALLPLATE AM D RP 2-V  2150V
Deposit N3 - B10,1123,WALLPLATE AM DECO        2151V
Deposit N3 - B10,3431,WALLPLATE 2 SCHAK 2137
Deposit N3 - B11,1000,SCHAK AM WIS  DUB 276W
Deposit N3 - B11,1002,SCHAK AM ENK POL 271W
Deposit N3 - B11,10090,SCHAK DUB  WISSEL DECO 7731W
Deposit N3 - B11,10093,SCHAK AM ENK-WIS 7732W
Deposit N3 - B11,1015,SCHAK DECO COMB &WCD 7730W
Deposit N3 - B11,1020,COM SCHAK & WCD 127v -TR274W
Deposit N3 - B12,0998,3 OUTLET 1192W-SP
Deposit N3 - B12,1026,USB Charging station 7750W
Deposit N3 - B12,1030,WCD AM OPB DUB R/A         78W
Deposit N3 - B12,1038,WCD AM OPB DUB R/A         78V
Deposit N3 - B12,1039,WCD AM OPB DUB 220V R/A  74V
Deposit N3 - B12,11101,WALLPLATE DECO BLIND 2160W
Deposit N3 - B12,111011,WALLPL AM ASPIRE 3-V 9523WS
Deposit N3 - B12,111012,WALLPL AM ASPIRE 4-V 9524WS
Deposit N3 - B12,1121,WALLPLATE AM DUB RP 2132V
Deposit N3 - B12,1135,WALLPLATE OPEN 5/8
Deposit N3 - B2,1010,DIMMER SCHUIF  SI061W / 6422
Deposit N3 - B2,10101,DIMMER  WISS SI06P-W /SUL06P-W
Deposit N3 - B2,1018,DIMMER 1000W             1000
Deposit N3 - B2,1019,DIMMER SCHUIF DUB LEV6628W
Deposit N3 - B2,1142,STEK RUB P/A 127V         1709
Deposit N3 - B2,1143,STEK RUB P/A  15A 220V  4866
Deposit N3 - B2,1147,CONT STEKKER RUB P/A 220V 4227
Deposit N3 - B3,0467,ATTEMA  GIETMOF PAKKET 2511
Deposit N3 - B3,1024,WCD AM INB DUB  R/A       270W
Deposit N3 - B3,1025,WCD AM INB EN 220V R/A 1876W
Deposit N3 - B3,1031,WCD AM INB ENK USB PORT TR7740
Deposit N3 - B3,3122,REFLECTOR LED 30W 2400LM 6000K
Deposit N3 - B4,1100,WALLPLATE AM SW (INB) 2134W
Deposit N3 - B4,1106,WALLPLATE AM ENK RP  2131W
Deposit N3 - B4,1108,WALLPLATE AM D RP 2-V  2150W
Deposit N3 - B4,11107,WALLPLATE AM DECO 4-V 2164W
Deposit N3 - B4,11108,WALLPLATE AM DECO 5-V 2165W
Deposit N3 - B4,3103,FOCO LED A19 6W 540LM 3000K
Deposit N3 - B4,3106,FOCO LED T140 BASE E27 50W 65K
Deposit N3 - B4,3107,FOCO LED T150 100W 6500K 9000L
Deposit N3 - B4,3110,RECESADO REDONDO 6W 360LM 3K
Deposit N3 - B4,31101,RECESADO REDONDO 6W 387LM 6K
Deposit N3 - B4,3111,RECESADO REDONDO 12W 720LM 3K
Deposit N3 - B4,3112,RECESADO REDONDO 12W 720LM 6K
Deposit N3 - B4,3113,RECESADO REDONDO12W CCT
Deposit N3 - B4,3114,RECESADO REDONDO 18W 1440LM 6K
Deposit N3 - B4,3116,RECESADO REDONDO 24W 2035LM 6K
Deposit N3 - B4,3117,SUPERFICIAL REDONDO 18W CCT
Deposit N3 - B4,3118,OPBOUW REDONDO 24W 2035LM 6K
Deposit N3 - B4,3330,PICKENS 9  WATT 6500K LED SPOT
Deposit N3 - B5,0485,TOP T DOOS DUBB. L.  4211-D
Deposit N3 - B5,0501,LASDOOS TOP T DOOS L DUBB3211
Deposit N3 - B5,0502,LASDOOS TOP T  R DUBB 3210
Deposit N3 - B5,0504,LASDOOS VORK TOP LINKS 3209
Deposit N3 - B5,0509,LASD EIND ACHTER INV 2031 att
Deposit N3 - B5,0510,LASD TREK ACHTER INV 3222
Deposit N3 - B6,0992,STRAP 2 PORTMOD-5522-5EW DECOR
Deposit N3 - B6,0993,ADAPTOR F SERIE COAX 5552-5EW
Deposit N3 - B6,1001,5 BTTN  TIMER 127V PT18M-W
Deposit N3 - B6,1026,USB Charging station 7750W
Deposit N3 - B6,1027,WCD AM INB AARDL BEVXGF15
Deposit N3 - B6,1027,WCD AM INB AARDL BEVXGF15
Deposit N3 - B6,1028,WCD AM INB 127 ENK DEC TR6250W
Deposit N3 - B6,11102,DECO TEL CONN  3560-4W
Deposit N3 - B6,11103,DECO COAX CONN 2162W
Deposit N3 - B6,1111,WALLPLATE AM TELPH. C 3532-4W
Deposit N3 - B6,1112,WALLPLATE AM COAX C 1172W
Deposit N3 - B6,1113,DECO AM PHON/ANTENE 3562W
Deposit N3 - B7,1008,SCHAK AM DUB DECO       7728W
Deposit N3 - B7,1009,SCHAK AM TRI DECO        7729W
Deposit N3 - B7,10092,SCHAK AM KRS DECO        7504W
Deposit N3 - B8,1038,WCD AM OPB DUB R/A         78V
Deposit N3 - B8,1126,WALLPLATE AM DUB WD S1962 W-SP
Deposit N3 - B8,1127,WALLPLATE AM DUB WD S2966 W-SP
Deposit N3 - B8,1128,WALLPLATE AM DUB WD S2962 W-SP
Deposit N3 - B8,1131,WALLPLATE AM DUB WD  S1962
Deposit N3 - B8,1132,WALLPLATE AM DUB WD S2962 GRAY
Deposit N3 - B8,1133,WALLPLATE AM DEC WD S2966 GRAY
Deposit N3 - B8,3115,RECESADO REDONDO 18W CCT
Deposit N3 - B8,3126,LAMP TECHO PANEL LED 18W CCT
Deposit N3 - B9,0520,CENTRAALD 5/8 55mm ONG 165A
Deposit N3 - B9,0521,CENTRAALD 5/8 55mm GEL 165B
Deposit N3 - B9,0524,CENTRDOOS ROND 12X16/19/20MM
Deposit N3 - B9,0610,ZEKERING 16A
Deposit N3 - B9,0611,ZEKERING 20A
Deposit N3 - B9,0612,ZEKERING 25A
Deposit N3 - B9,0613,ZEKERING 35A
Deposit N3 - B9,0614,ZEKERING 50A
Deposit N3 - B9,0615,ZEKERING 63A
Deposit N3 - C10,0490,TREKDOOS                4202-D
Deposit N3 - C10,0505,CD/RV RONDE DEKSEL CENTRAL
Deposit N3 - C10,0513,INBOUWDS HOLLEWAND 16/19
Deposit N3 - C10,0517,CENTR ZIJKANT BODEM 76.5MM 169
Deposit N3 - C10,0702,ATT MONTAGEDEKSEL 1X WCD 1622
Deposit N3 - C10,0703,ATT MONTAGEDEKSEL 2X WCD 1623
Deposit N3 - C10,15143,OPB.KAST WD 24MD CDN24PT/RR
Deposit N3 - C11,0500,DUBB INBOUWDOOS H251 ABB
Deposit N3 - C11,0525,CENTRAALDOOS DEKSEL 3506
Deposit N3 - C11,0530,MONTAGEDEKSEL+WCD3640W2
Deposit N3 - C11,0535,GIETBOUWDOOS EURO 2x3/4 MGD50
Deposit N3 - C11,0542,MT/2X 16-19MM Inzetstuk
Deposit N3 - C11,0706,ATT EINDOOS 2033
Deposit N3 - C11,3246,PICKENS VPR 2211
Deposit N3 - C11,3247,PICKENS VPO 2236 P
Deposit N3 - C11,3248,PICKENS VPR  2241
Deposit N3 - C11,3250,PICKENS VPC 2271 TRAP
Deposit N3 - C12,0332,CADDY KAB-CLIPS 2- 4mm 19-24
Deposit N3 - C12,0335,CADDY KAB-CLIPS 8-12mm 15-18
Deposit N3 - C12,04941,KABEL DOOS EL161 (18800)
Deposit N3 - C12,04942,KABEL DOOS EL171 (19150)
Deposit N3 - C12,04946,KABEL DOOS GSLT322 (19965)
Deposit N3 - C12,0533,MONTAGEDKSL (uni lasdoos) 3543
Deposit N3 - C12,2999,WIHA SLIM SELECTION-SET 10 DLG
Deposit N3 - C12,3019,SF-8 KABELSCHOEN TANG 1.5-16MM
Deposit N3 - C12,3021,"SF-54 HULS TANG S 1,5-6MM"
Deposit N3 - C12,3023,SF-56 HULS TANG  10-35MM
Deposit N3 - C12,7170,KABELDOOS GRIJS 886A
Deposit N3 - C2,15144,OPB.KAST WD 36MD CDN36PT/RR
Deposit N3 - C2,15145,OPB.KAST WD 54MD CDP54 PT/RR
Deposit N3 - C2,7051,JUNCTION BOX 125A  4*7
Deposit N3 - C2,7052,JUNCTION BOX 125A  4*11
Deposit N3 - C3,0600,PASMOER 16A
Deposit N3 - C3,0601,PASMOER 20A
Deposit N3 - C3,0602,PASMOER 25A
Deposit N3 - C3,0603,PASMOER 35A
Deposit N3 - C3,0604,PASMOER 50A
Deposit N3 - C3,0605,PASMOER 63A
Deposit N3 - C3,0620,KOP K2
Deposit N3 - C3,0621,KOP K3
Deposit N3 - C3,0624,KSV PATRONEN   25A NH 00
Deposit N3 - C3,0625,KSV PATRONEN   35A NH 00
Deposit N3 - C3,0627,KSV PATRONEN   63A NH 00
Deposit N3 - C3,0628,KSV PATRONEN   80A NH 00
Deposit N3 - C3,0630,KSV PATRONEN 125A NH 00
Deposit N3 - C3,0631,KSV PATRONEN 160A NH 00
Deposit N3 - C3,0635,KSV PATRONEN  63A NH 1
Deposit N3 - C3,0636,KSV PATRONEN  80A NH 1
Deposit N3 - C3,0637,KSV PATRONEN 100A NH 1
Deposit N3 - C3,0638,KSV PATRONEN 125A NH 1
Deposit N3 - C3,0639,KSV PATRONEN 160A NH 1
Deposit N3 - C3,0641,KSV PATRONEN 224A NH 1
Deposit N3 - C3,0643,KSV PATRONEN 315A NH 1
Deposit N3 - C3,0644,KSV PATRONEN 355A NH 1
Deposit N3 - C3,0646,KSV PATRONEN 630A NH 3
Deposit N3 - C3,3011,"BUIGVEER 3/4"" 1 mtr"
Deposit N3 - C3,3014,"BUIGVEER 3/4"" 2 mtr"
Deposit N3 - C3,7054,FTG VerdeelBlok 4F 125A 1x35mm
Deposit N3 - C3,7055,FTG Verdeel Blok1F 160A 1x70mm
Deposit N3 - C4,1150,"INB DOOS AM 2x4"""
Deposit N3 - C4,1150,"INB DOOS AM 2x4"""
Deposit N3 - C4,1152,"DEKSEL INB DOOS AM 4x4"" 4150"
Deposit N3 - C4,1152,"DEKSEL INB DOOS AM 4x4"" 4150"
Deposit N3 - C4,1153,"DEKSEL INB DOOS AM 4x4"" 2-VOUD"
Deposit N3 - C4,1375,"RAWPLUGS  WIT   (5x25mm-1"")"
Deposit N3 - C4,1376,"RAWPLUGS ROOD (6X25mm-1"")"
Deposit N3 - C4,1377,RAW PLUGS GROEN (7x35mm-1.1/2)
Deposit N3 - C4,1378,RAWPLUGS  BLAUW (8x35mm-1.1/2)
Deposit N3 - C4,15140,OPB.KAST WD 12MD CDN12PT/RR
Deposit N3 - C4,3124,REFLECTOR LED 200W 18000LM
Deposit N3 - C4,3124,REFLECTOR LED 200W 18000LM
Deposit N3 - C4,3332,PICKENS 18 WATT 6500K LED SPOT
Deposit N3 - C5,0482,TOPDOOS DUBB RECHT 4208-D
Deposit N3 - C5,0483,TOPDOOS DUBB LINKS   4209-D
Deposit N3 - C5,0483,TOPDOOS DUBB LINKS   4209-D
Deposit N3 - C5,0495,EINDDOOS                4201-D
Deposit N3 - C5,0506,AD/16-19 AFSLUITSTOPBUIS 16-19
Deposit N3 - C5,0514,MONTAGEDEKSEL GRIJS 3640/D
Deposit N3 - C5,0535,GIETBOUWDOOS EURO 2x3/4 MGD50
Deposit N3 - C5,0540,INZ.STK KABELDOOS3640 19mm3529
Deposit N3 - C5,05421,MT/1X 16-19MM Inzetstuk
Deposit N3 - C6,15143,OPB.KAST WD 24MD CDN24PT/RR
Deposit N3 - C6,15145,OPB.KAST WD 54MD CDP54 PT/RR
Deposit N3 - C7,0331,CADDY KAB-CLIPS 2 -4mm 15-18
Deposit N3 - C7,0332,CADDY KAB-CLIPS 2- 4mm 19-24
Deposit N3 - C7,0333,CADDY KAB-CLIPS 4 -7mm 15-18
Deposit N3 - C7,0334,CADDY KAB-CLIPS 4 -7mm 19-24
Deposit N3 - C7,0335,CADDY KAB-CLIPS 8-12mm 15-18
Deposit N3 - C7,0336,CADDY KAB-CLIPS 8-12mm 19-24
Deposit N3 - C7,0569,CONEX STEEKKLEM 3-VOUDIG
Deposit N3 - C7,0570,CONEX STEEKKLEM 4-VOUDIG
Deposit N3 - C7,0571,CONEX STEEKKLEM 5-VOUDIG
Deposit N3 - C7,0575,LASDOPPEN 3.0-12.5 mm
Deposit N3 - C7,0576,LASDOPPEN 7.5-18.0 mm
Deposit N3 - C7,0577,LASDOPPEN 12-24 mm
Deposit N3 - C7,0580,KROONKLEMSTROOK 2.5-4 mm2
Deposit N3 - C7,0583,KROONKLEMSTROOK  16 mm2
Deposit N3 - C7,0584,KROONKLEMSTROOK  25 mm2
Deposit N3 - C7,0584,KROONKLEMSTROOK  25 mm2
Deposit N3 - C7,15143,OPB.KAST WD 24MD CDN24PT/RR
Deposit N3 - C7,7176,INSTEEK FLEXIBLE CLE54
Deposit N3 - C8,0486,KABELDOOS 220A
Deposit N3 - C8,04944,KABEL DOOS GSLT171 (19805)
Deposit N3 - C8,0715,ATT KABELDOOS IP65M20/M25 2501
Deposit N3 - C8,1309,"AARDKLEM 1/8"""
Deposit N3 - C8,1310,"AARDKLEM 1/4"""
Deposit N3 - C8,1314,"AARDKLEM  1 """
Deposit N3 - C8,1327,MOERKLEM APC 10/6
Deposit N3 - C8,1328,MOERKLEM APC 16/16
Deposit N3 - C8,1329,MOERKLEM APC 25/25
Deposit N3 - C8,1330,MOERKLEM APC 35/35
Deposit N3 - C8,1331,MOERKLEM APC 50/50
Deposit N3 - C8,1335,KOPPELING LEH-34
Deposit N3 - C8,1376,"RAWPLUGS ROOD (6X25mm-1"")"
Deposit N3 - C8,3124,REFLECTOR LED 200W 18000LM
Deposit N3 - C8,3332,PICKENS 18 WATT 6500K LED SPOT
Deposit N3 - C8,7188,KABEL DOOS 615 100 X 100 X 45
Deposit N3 - C8,7189,KABEL DOOS 665 ROND  70 X 35
Deposit N3 - C8,7190,KABEL DOOS 604 80 X 80 X 35
Deposit N3 - C9,0490,TREKDOOS                4202-D
Deposit N3 - C9,0534,INBOUWDOOS DUBB WCD H140
Deposit N3 - C9,0535,GIETBOUWDOOS EURO 2x3/4 MGD50
Deposit N3 - C9,0700,ATT UNIVERSELE LASDOOS 1619
Deposit N3 - D1,0487,KABELDOOS 222A
Deposit N3 - D1,0489,KABELDOOS 223A
Deposit N3 - D1,0492,KABELDOOS 224A
Deposit N3 - D10,0313,"MOFFEN   1"""
Deposit N3 - D10,0314,"MOFFEN 1,5"""
Deposit N3 - D10,0315,MOFFEN 2''
Deposit N3 - D10,0316,"BOCHT 1"""
Deposit N3 - D10,0322,"BUISBEVESTIGING 1.5"" POLFIX"
Deposit N3 - D10,0531,UNIVERSEEL LASDOOS    3611
Deposit N3 - D10,0532,BLINDDEKSEL (uni lasdoos) 3535
Deposit N3 - D11,0305,HOSTALIT MOF 5/8 Grijs
Deposit N3 - D11,0318,"BOCHT 2"""
Deposit N3 - D11,0320,"BUISBEVESTIGING 5/8""POLFIX"
Deposit N3 - D11,04945,KABEL DOOS GSLT231 (19905)
Deposit N3 - D11,0527,MONTAGEDEKSEL+WCD3611W2
Deposit N3 - D11,0528,MONTAGEDEKSEL+WCD3640W4
Deposit N3 - D12,0312,"MOFFEN   3/4"""
Deposit N3 - D12,0321,"BUISBEVESTIGING 3/4""POLFIX"
Deposit N3 - D12,0323,"BUISBEVESTIGING 1"" POLFIX"
Deposit N3 - D12,0324,BOCHT PVC  5/8 CRÈME
Deposit N3 - D12,0325,BOCHT PVC  3/4 CRÈME
Deposit N3 - D12,0326,"POLFIX 5/8"" SLAGVAST GRIJS"
Deposit N3 - D12,04891,KABELDOOS J100S
Deposit N3 - D12,04943,KABEL DOOS EL322 (19750)
Deposit N3 - D12,0526,MONTAGEDEKSEL+WCD3611W1
Deposit N3 - D12,2998,SF-30 CABLE CUTTER UP TO 35 MM
Deposit N3 - D12,3005,SF-21CABLE CUTTER UP TO 16 MM
Deposit N3 - D12,3006,SF-31CABLE CUTTER UP TO 50 MM
Deposit N3 - D12,3018,SF-23 KABELSCHOEN TANG 6-25MM
Deposit N3 - D12,3020,"SF-42 HULS TANG SIDE 0,5-6MM"
Deposit N3 - D12,3027,SF-22 KABELSTRIPER 0.75 / 6MM
Deposit N3 - D12,3028,SF-38 KABEL STRIPPER 4-25MM
Deposit N3 - D12,3124,REFLECTOR LED 200W 18000LM
Deposit N3 - D12,3281,BALLAST 1x20W STARTER
Deposit N3 - D2,0311,"MOFFEN   5/8"""
Deposit N3 - D2,3202,HALOGEENLAMP 1000W 127 VOLT
Deposit N3 - D2,3206,HALOGEENLAMP 1500W 220 VOLT
Deposit N3 - D2,3249,SPIRALLAMP 20W 110-130V 50Hz
Deposit N3 - D2,3290,STARTER 4-22W
Deposit N3 - D2,3291,STARTER 4-65W S10
Deposit N3 - D2,7100,PL-U 2pins 7W 127v/6400k
Deposit N3 - D2,7133,HALOGEEN LAMP 500W
Deposit N3 - D2,7134,HALOGEENLAMP 1000W
Deposit N3 - D2,7135,HALOGEENLAMP 1500W
Deposit N3 - D2,7139,HPLN LAMP 400W OSRAM
Deposit N3 - D2,7179,BASE MULTI 4 TOMAS 8014 IL
Deposit N3 - D2,7180,BASE MULTI 5 TOMAS 8015 IL
Deposit N3 - D2,7181,BASE MULTI 6 TOMAS 8016 IL
Deposit N3 - D3,15095,INB CT338 (404 X 404 X120)
Deposit N3 - D3,3010,"BUIGVEER 5/8"" 1 mtr"
Deposit N3 - D3,3013,"BUIGVEER 5/8"" 2 mtr"
Deposit N3 - D3,3104,FOCO LED A19 6W 540LM 6500K
Deposit N3 - D3,3104,FOCO LED A19 6W 540LM 6500K
Deposit N3 - D3,3194,GLOEILAMP 100WATT CLEAR
Deposit N3 - D3,3195,GLOEILAMP 25WATT FROSTED
Deposit N3 - D3,3196,GLOEILAMP 40WATT FROSTED
Deposit N3 - D3,3199,GLOEILAMP 100WATT FROSTED
Deposit N3 - D3,3200,HALOGEENLAMP  300W 127 VOLT
Deposit N3 - D3,3242,PL LAMP   5 WATT
Deposit N3 - D3,3243,PL LAMP   7 WATT
Deposit N3 - D3,3244,PL LAMP   9 WATT
Deposit N3 - D3,3245,PL LAMP 13 WATT
Deposit N3 - D3,3249,SPIRALLAMP 20W 110-130V 50Hz
Deposit N3 - D3,3261,TL-BUIS 32W DL ROND
Deposit N3 - D3,3263,PICKENS 6W LED BULB 6500 K
Deposit N3 - D3,3270,PICKENS 10W LED BULB
Deposit N3 - D3,7102,ESL 305 SLIM 7W SPIRAAL 127V
Deposit N3 - D3,7112,ESL 211 20W SPIRAAL 127V
Deposit N3 - D4,11482,DEKSEL DOOS PLASTIC 4x4 WIT
Deposit N3 - D4,1333,MOERKLEM APC 50/70
Deposit N3 - D4,1353,HOUTSCHR IJZ 4.0x25 (1x8)
Deposit N3 - D4,1360,SPAANPLAAT SCHR.3.5x25 (1x6)
Deposit N3 - D4,1361,SPAANPLAAT SCHR.4.0x20 (3/4x8)
Deposit N3 - D4,1362,SPAANPLAAT SCHR.3.9x25 (1x8)
Deposit N3 - D4,1362,SPAANPLAAT SCHR.3.9x25 (1x8)
Deposit N3 - D4,1363,SPAANPLAAT SCHR.4.0x35(11/4x8)
Deposit N3 - D4,1365,SPAANPLAAT SCHR.3.5x45
Deposit N3 - D4,3120,RECESADO REDONDO 3W  3000K
Deposit N3 - D4,3124,REFLECTOR LED 200W 18000LM
Deposit N3 - D4,3264,PICKENS 6W LED BULB 4000K SEMI
Deposit N3 - D4,3265,PICKENS 7W LED BULB
Deposit N3 - D4,3268,PICKENS 5W LED BULB 6500K
Deposit N3 - D4,3269,PICKENS LED 5.5W GU 10
Deposit N3 - D4,3309,6WATT LED PANEL LIGHT 1409-Y-6
Deposit N3 - D4,3333,PICKENS 6 WATT 6500K LED SPOT
Deposit N3 - D5,0314,"MOFFEN 1,5"""
Deposit N3 - D5,0518,CENTRAALDOOS ROND 80MM C80
Deposit N3 - D5,0518,CENTRAALDOOS ROND 80MM C80
Deposit N3 - D5,1154,INB D CARLON 2X4 PLASTIC
Deposit N3 - D5,11541,INB D CARLON GIPS 2X4 PLASTIC
Deposit N3 - D5,15142,OPBOUW KAST WD CSG13PT/RR
Deposit N3 - D5,15146,OPB.KAST WD 18MD CDP 18PT/RR
Deposit N3 - D6,0311,"MOFFEN   5/8"""
Deposit N3 - D6,0317,"BOCHT 1,5"""
Deposit N3 - D6,15146,OPB.KAST WD 18MD CDP 18PT/RR
Deposit N3 - D6,15147,OPB.KAST WD 36MD CDP 36PT2F/RR
Deposit N3 - D7,0340,"ZADELS 5/8"" - 15-16mm gemenied"
Deposit N3 - D7,0341,"ZADELS 3/4"" 19-20mm roodgemeni"
Deposit N3 - D7,0342,"ZADELS 2x5/8"""
Deposit N3 - D7,0345,ZADELS 9-10 mm VERT
Deposit N3 - D7,0346,ZADELS 11- 12 mm VERT
Deposit N3 - D7,0353,ZADELS ROOD 25mm (1duim)
Deposit N3 - D7,0355,ZADELS ROOD 50mm (2 duim)
Deposit N3 - D7,1305,AARDRAIL VERN 15 X 4 MM
Deposit N3 - D7,1306,AARDRAIL VERN 20 X 5 MM
Deposit N3 - D7,1307,AARDRAIL 63AMP BLANK KOPER
Deposit N3 - D7,1309,"AARDKLEM 1/8"""
Deposit N3 - D7,1633,PACKSUP S144P200
Deposit N3 - D7,1634,PACKSUP S120P200
Deposit N3 - D7,1635,PACK SUP S96P200
Deposit N3 - D7,16351,PACK SUP S72P200
Deposit N3 - D7,1906,HH 1014.939 AARDRAILSET 219 MM
Deposit N3 - D7,3002,STEENBOOR 6 mm
Deposit N3 - D7,3003,STEENBOOR 7 mm
Deposit N3 - D7,3334,PICKENS LED OPB ROND 12W 6500K
Deposit N3 - D7,8012,Fuse-Holder FPG1 Slotted IP40
Deposit N3 - D8,0349,ZADELS 14 mm VERT
Deposit N3 - D8,0526,MONTAGEDEKSEL+WCD3611W1
Deposit N3 - D8,1299,UNIMAX KLEM 35/4-35 mm
Deposit N3 - D8,1301,UNIMAX KLEM 50/10-50 mm
Deposit N3 - D8,1302,BADKAMER RAIL 6x6+1x25 mm
Deposit N3 - D8,1303,BADKAMER RAIL 5x6+1x25 mm
Deposit N3 - D8,1311,"AARDKLEM 3/8"""
Deposit N3 - D8,1312,"AARDKLEM 1/2"""
Deposit N3 - D8,1313,"AARDKLEM 3/4"""
Deposit N3 - D8,1315,VERBINDING RAIL 1x6+1x25 mm
Deposit N3 - D8,1316,VERBINDING RAIL 2x6+1x25 mm
Deposit N3 - D8,3124,REFLECTOR LED 200W 18000LM
Deposit N3 - D8,3335,PICKENS LED OPB ROND 18W 6500K
Deposit N3 - D8,3500,ETI 3901068 TERMINAL VS 6 IVOR
Deposit N3 - D8,3506,ETI 3901101 TERMINAL VS10 IVOR
Deposit N3 - D9,0318,"BOCHT 2"""
Deposit N3 - D9,0319,"BUISBEVESTIGING 2"" POLFIX"
Deposit N3 - E,0250,VMvL H05 V V-F 4G2.5   mm
Deposit N3 - E,0306,FLEXIBELE BUIS 5/8
Deposit N3 - E,0307,FLEXIBELE BUIS 3/4
Deposit N3 - E,0310,FLEXIBELE BUIS 1DUIM
Deposit N3 - E,0311,"MOFFEN   5/8"""
Deposit N3 - E,04891,KABELDOOS J100S
Deposit N3 - E,0491,KABELDOOS 225A
Deposit N3 - E,04943,KABEL DOOS EL322 (19750)
Deposit N3 - E,0519,CENTRAALDOOS ROND 100MM C100
Deposit N3 - E,0524,CENTRDOOS ROND 12X16/19/20MM
Deposit N3 - E,0990,PICKENS VOLTAGE PROTECT 120V
Deposit N3 - E,0991,USB VOLTAGE PROTECTOR PICKENS
Deposit N3 - E,1148,"INB.DOOS PLASTIC 2x4""GEEL"
Deposit N3 - E,1149,"INB.DOOS PLASTIC 4x4""-CARLON"
Deposit N3 - E,11491,Cover INB.D PLAST 4X4  1G A410
Deposit N3 - E,1151,"INB DOOS AM 4x4"""
Deposit N3 - E,1320,AARDDRAAD BC  6 mm2
Deposit N3 - E,1321,AARDDRAAD BC 10 mm2
Deposit N3 - E,1322,AARDDRAAD BC 16 mm2
Deposit N3 - E,1323,AARDDRAAD BC 25 mm2
Deposit N3 - E,1508,INB DOOS CT536 (323 X 518 X60)
Deposit N3 - E,1509,INB DOOS CT110 (108 X 108 X50)
Deposit N3 - E,15091,INB DOOS CT114 (168 X 117 X50)
Deposit N3 - E,15092,INB DOOS CT220 (217 X 217 X57)
Deposit N3 - E,15093,INB DOOS CT225 (250 X 250 X65)
Deposit N3 - E,15094,INB DOOS CT326 (222 X 318 X60)
Deposit N3 - E,3015,TREKVEER 20 mtr
Deposit N3 - E,3016,TREKVEER 30 mtr
Deposit N3 - E,3108,"TUBO LED T8, 9W 800LM 6500K"
Deposit N3 - E,3109,TUBO LED T8 18W1600LM 6500K
Deposit N3 - E,3125,SUPERFICIAL REDONDO 18W 65K
Deposit N3 - E,3263,PICKENS 6W LED BULB 6500 K
Deposit N3 - E,3272,PICKENS T8 1.20M LED 22W 6500K
Deposit N3 - E,3334,PICKENS LED OPB ROND 12W 6500K
Deposit N3 - E,9204,PICKENS HDMI CABLE DMM248-0300
Deposit N3 - E,9205,PICKENS HDMI CABLE DMM271
Deposit N3 - E,9206,PICKENS HDMI CABLE DMC270
Deposit N4 - A1,0550,"PG 13,5 + MOER"
Deposit N4 - A1,0560,"MOER PG 13,5"
Deposit N4 - A1,1652,IDE AARDE 48452 KIT TIERRA
Deposit N4 - A1,1654,OPBOUWKAST IDE ARM.40COM120
Deposit N4 - A1,3322,PICKENS RECHARGEABLE LED LIGHT
Deposit N4 - A1,7187,INB.KAST MP56 METALBOX
Deposit N4 - A10,1263,CEE-FORM CONN 3P+N+E 16A-03203
Deposit N4 - A10,1269,CEE-FORM CONN 3P+E 32A-03205
Deposit N4 - A10,1270,CEE-FORM CONN 3P+N+T 32A-03206
Deposit N4 - A10,1272,CEE-FORM CONN 3P+E 16A 03702
Deposit N4 - A10,1273,CEE-FORM CONN 3P+N+E 16A 03703
Deposit N4 - A10,1275,CEE-FORM CONN 3P+E 32A 03705
Deposit N4 - A10,1276,CEE-FORM CONN 3P+N+E 32A 03706
Deposit N4 - A11,1286,CEE-FORM WCD 3P+N+E 16A 03833
Deposit N4 - A11,1287,CEE-FORM WCD 2P+E 32A -02364
Deposit N4 - A11,1288,CEE-FORM WCD 2P+E 32A 02834
Deposit N4 - A11,1289,CEE-FORM WCD 3P+E 32A 03365
Deposit N4 - A11,1290,CEE-FORM WCD 3P+E 32A 03835
Deposit N4 - A11,1291,CEE-FORM WCD 3P+N+E 32A-03366
Deposit N4 - A11,1292,CEE-FORM WCD 3P+N+E 32A-03836
Deposit N4 - A12,1245,******CEE-FORM STEKK 63A -3P+A
Deposit N4 - A12,1253,CEE-FORM STEKK 125A - 3P+N+A
Deposit N4 - A12,1260,*******CEE-FORM WCD 63A - 3P+A
Deposit N4 - A12,1267,*****CEE-FORM CONN 63A -3P + A
Deposit N4 - A2,12431,CEE-FORM STEKKER 2P+E16A-02101
Deposit N4 - A2,12441,CEE-FORM STEKKER 3P+E16A-03102
Deposit N4 - A2,12451,CEE-FORM STEK 3P+N+E 16A-03103
Deposit N4 - A2,1246,CEE-FORM STEK 2P+E 32A-02104
Deposit N4 - A2,1247,CEE-FORM STEK 3P+E 32A-03105
Deposit N4 - A2,1248,CEE-FORM STEK 3P+N+E 32A-03106
Deposit N4 - A2,1249,CEE-FOR STEK 2P+E16A IP67-2601
Deposit N4 - A2,12501,CEE-FOR STEK3P+E 16A IP67 3602
Deposit N4 - A2,12521,CEE-FORM STEK 2P+E 32A 02604
Deposit N4 - A3,12541,CEE-FORM -WCD 2P+E 16A-02321
Deposit N4 - A3,12551,CEE-FORM WCD 3P+E 16A-03322
Deposit N4 - A3,12561,CEE-FORM WCD 3P+N+E 16A-03323
Deposit N4 - A3,12601,CEE-FORM WCD 2P+E 16A -02821
Deposit N4 - A3,12602,CEE-FORM WCD 3P+E 16A -03822
Deposit N4 - A3,12603,CEE-FORM WCD 3P+N+E 16A 03823
Deposit N4 - A4,12533,CEE-FORM STEK 3P+E 63A  03652
Deposit N4 - A4,1277,CEE-FORM CONN 3P+E 63A 03752
Deposit N4 - A5,0547,PG+MOER M16
Deposit N4 - A5,0548,PG+MOER M20
Deposit N4 - A5,0549,PG+MOER M25
Deposit N4 - A5,0554,PG 36
Deposit N4 - A5,0565,MOER PG 48
Deposit N4 - A6,12511,CEE-FORM STEK 3P+N+E 16A 03603
Deposit N4 - A6,12531,CEE-FORM STEK 3P+E 32A 03605
Deposit N4 - A6,12532,CEE-FORM STEK 3P+N+E 32A 3606
Deposit N4 - A6,1261,CEE-FORM CONN 2P+E 16A-02201
Deposit N4 - A6,1262,CEE-FORM CONN 3P+E 16A-03202
Deposit N4 - A6,1264,CEE-FORM CONN 2P+E 32A-02204
Deposit N4 - A6,1271,CEE-FORM CONN 2P+E 16A 02701
Deposit N4 - A6,1274,CEE-FORM CONN 2P+E 32A 02704
Deposit N4 - A7,12581,CEE-FORM WCD 3P+E 32A-3325
Deposit N4 - A7,12591,CEE-FORM WCD 3P+N+T 32A-03326
Deposit N4 - A7,12605,CEE-FORM WCD 3P+E 32A -03825
Deposit N4 - A7,1284,CEE-FORM SCH-WCD 3P+E16A 03832
Deposit N4 - A7,1285,CEE-FORM WCD 3P+N+E 16A-03363
Deposit N4 - A8,12607,CEE-FORM WCD 3P+E 63A 03872
Deposit N4 - A8,1281,CEE-FORM SCH-WCD 2P+E 16A-0236
Deposit N4 - A8,1282,CEE-FORM SCH-WCD2P+E 16A 02831
Deposit N4 - A8,1283,CEE-FORM SCH-WCD3P+E 16A-03362
Deposit N4 - A8,1293,CEE-FORM WCD 3P+E 63A-03882
Deposit N4 - A9,0549,PG+MOER M25
Deposit N4 - A9,0557,PG+MOER M40
Deposit N4 - A9,0558,PG+MOER M50
Deposit N4 - A9,0559,PG+MOER M63
Deposit N4 - B1,12535,CEE-FORM STEK 3P+E 125A 03655
Deposit N4 - B1,12609,CEE-FORM WCD 3P+E 125A 03875
Deposit N4 - B1,1279,CEE-FORM CONN 3P+E 125A 03755
Deposit N4 - B1,1280,CEE-FORM CONN 3P+N+E125A 03756
Deposit N4 - B10,0419,PERSKABELSCHOEN 120 mm  M12
Deposit N4 - B10,0421,PERSKABELSCHOEN  240 mm M12
Deposit N4 - B10,0421,PERSKABELSCHOEN  240 mm M12
Deposit N4 - B10,0447,PERSKABELSCHOEN  120  mm  M10
Deposit N4 - B10,0476,PERSKABELSCHOEN SMALL 240-10MM
Deposit N4 - B10,1829,TT-63-CJ TAPA POLICARB.TRANSP.
Deposit N4 - B10,1829,TT-63-CJ TAPA POLICARB.TRANSP.
Deposit N4 - B11,1841,CHASSIS CA-33-1 EN KIT
Deposit N4 - B11,1841,CHASSIS CA-33-1 EN KIT
Deposit N4 - B11,1842,CHASSIS CA-43-1 EN KIT
Deposit N4 - B11,1843,CHASSIS CA-44-1 EN KIT
Deposit N4 - B11,1844,CHASSIS CA-63-1 EN KIT
Deposit N4 - B11,1844,CHASSIS CA-63-1 EN KIT
Deposit N4 - B11,1845,CHASSIS CA-64-1 EN KIT
Deposit N4 - B12,0549,PG+MOER M25
Deposit N4 - B12,0550,"PG 13,5 + MOER"
Deposit N4 - B12,0557,PG+MOER M40
Deposit N4 - B12,0558,PG+MOER M50
Deposit N4 - B12,0559,PG+MOER M63
Deposit N4 - B12,1811,PP-43 PLACA POLIESTER PP-43
Deposit N4 - B12,1812,PP-44 PLACA POLIESTER PP-44
Deposit N4 - B12,1813,PP-63 PLACA POLIESTER PP-63
Deposit N4 - B12,18131,PP-64 PLACA POLIESTER PP-64
Deposit N4 - B12,1814,PP-66 PLACA POLIESTER PP-66
Deposit N4 - B12,1815,PP-84 PLACA POLIESTER PP-84
Deposit N4 - B12,1816,PP-86 PLACA POLIESTER PP-86
Deposit N4 - B2,0409,PERSKABELSCHOEN 2.5 mm  M6
Deposit N4 - B2,0411,PERSKABELSCHOEN  6  mm  M6
Deposit N4 - B2,0412,PERSKABELSCHOEN 10  mm  M6
Deposit N4 - B2,0413,PERSKABELSCHOEN 16  mm  M8
Deposit N4 - B2,0414,PERSKABELSCHOEN 25  mm  M8
Deposit N4 - B2,0424,VERBINDINGSBUS  2.5 mm
Deposit N4 - B2,0424,VERBINDINGSBUS  2.5 mm
Deposit N4 - B2,0425,VERBINDINGSBUS  4 mm
Deposit N4 - B2,0425,VERBINDINGSBUS  4 mm
Deposit N4 - B2,0426,VERBINDINGSBUS  6 mm
Deposit N4 - B2,0426,VERBINDINGSBUS  6 mm
Deposit N4 - B2,0427,VERBINDINGSBUS 10 mm
Deposit N4 - B2,0427,VERBINDINGSBUS 10 mm
Deposit N4 - B2,0428,VERBINDINGSBUS 16 mm
Deposit N4 - B2,0428,VERBINDINGSBUS 16 mm
Deposit N4 - B2,0429,VERBINDINGSBUS 25 mm
Deposit N4 - B2,0429,VERBINDINGSBUS 25 mm
Deposit N4 - B2,0430,VERBINDINGSBUS 35 mm
Deposit N4 - B2,0430,VERBINDINGSBUS 35 mm
Deposit N4 - B2,0431,VERBINDINGSBUS 50 mm
Deposit N4 - B2,0432,VERBINDINGSBUS 70 mm
Deposit N4 - B2,0433,VERBINDINGSBUS 95 mm
Deposit N4 - B2,04331,VERBINDINGSBUS 120 mm
Deposit N4 - B2,04331,VERBINDINGSBUS 120 mm
Deposit N4 - B2,0434,PERSKABELSCHOEN  6  mm  M8
Deposit N4 - B2,0435,PERSKABELSCHOEN  10  mm  M8
Deposit N4 - B2,0436,PERSKABELSCHOEN  10  mm  M10
Deposit N4 - B2,0437,PERSKABELSCHOEN  16  mm  M6
Deposit N4 - B2,0438,PERSKABELSCHOEN  16  mm  M10
Deposit N4 - B2,0439,PERSKABELSCHOEN  25  mm  M6
Deposit N4 - B2,0440,PERSKABELSCHOEN  25  mm  M10
Deposit N4 - B2,0441,PERSKABELSCHOEN  25  mm  M12
Deposit N4 - B3,0380,TYRAPS  95x2.5
Deposit N4 - B3,1850,BA-30-CJ BRIDA ACOP.C/JUNTA
Deposit N4 - B3,1852,CC-03-CJ CAJA CABLES CIEGA
Deposit N4 - B3,1853,CC-04-CJ CAJA CABLES CIEGA
Deposit N4 - B3,3532,New-3667708Cat6A keystone jack
Deposit N4 - B3,3533,New-3555008Cat5e keystone jack
Deposit N4 - B4,0262,COAX RG6 60% 18AWG
Deposit N4 - B4,0343,"ZADELS 3x5/8"""
Deposit N4 - B4,0344,"ZADELS 4x5/8"""
Deposit N4 - B4,0344,"ZADELS 4x5/8"""
Deposit N4 - B4,0348,ZADELS 13 mm VERT
Deposit N4 - B4,0349,ZADELS 14 mm VERT
Deposit N4 - B4,19271,PRONUTEC OPB.KAST 1000X750
Deposit N4 - B4,19272,PRONUTEC OPB.KAST 1000X1000
Deposit N4 - B5,126010,CEE-FORM WCD 3P+N+E 125A 03876
Deposit N4 - B5,1293,CEE-FORM WCD 3P+E 63A-03882
Deposit N4 - B5,1294,CEE-FORM WCD 3P+N+E 63A 03883
Deposit N4 - B6,0416,PERSKABELSCHOEN 50  mm  M10
Deposit N4 - B6,0442,PERSKABELSCHOEN  35  mm  M10
Deposit N4 - B6,0443,PERSKABELSCHOEN  35  mm  M12
Deposit N4 - B6,0444,PERSKABELSCHOEN  50  mm  M12
Deposit N4 - B6,0445,PERSKABELSCHOEN  70  mm  M12
Deposit N4 - B6,0446,PERSKABELSCHOEN  95  mm  M10
Deposit N4 - B6,0451,PERSKABELSCHOEN  50  mm  M8
Deposit N4 - B6,0452,PERSKABELSCHOEN  95  mm  M8
Deposit N4 - B6,0468,CP-10 PIN PERSKABELSCHOEN 10MM
Deposit N4 - B6,0469,CP-16 PIN PERSKABELSCHOEN 16MM
Deposit N4 - B6,0470,CP-25 PIN PERSKABELSCHOEN 25MM
Deposit N4 - B6,0471,CP-35 PIN PERSKABELSCHOEN 35MM
Deposit N4 - B6,0474,PERSKABELSCHOEN SMALL 95-10MM
Deposit N4 - B6,0477,PERSKABELSCHOEN SMALL 240-12MM
Deposit N4 - B7,1846,TC-02-CJ TAPA CIEGA C/JUNTA
Deposit N4 - B7,1847,TC-03-CJ TAPA CIEGA C/JUNTA
Deposit N4 - B7,1848,TC-04-CJ TAPA CIEGA C/JUNTA
Deposit N4 - B7,1849,BA-20-CJ BRIDA ACOP.C/JUNTA
Deposit N4 - B7,1851,BA-40-CJ BRIDA ACOP.C/JUNTA
Deposit N4 - B8,1643,PMB400
Deposit N4 - B8,1809,PP-32 PLACA POLIESTER PP-32
Deposit N4 - B8,1810,PP-33 PLACA POLIESTER PP-33
Deposit N4 - B8,18631,PBM-325 PLACA METALICA
Deposit N4 - B8,1864,PBM-43 PLACA METALICA
Deposit N4 - B8,18641,PBM-54 PLACA METALICA
Deposit N4 - B8,18641,PBM-54 PLACA METALICA
Deposit N4 - B8,1865,PBM-64 PLACA METALICA PBM-64
Deposit N4 - B8,1866,PBM-65 PLACA METALICA PBM-65
Deposit N4 - B9,3324,PICKENS LED BASE T8 120 CM
Deposit N4 - B9,3326,PICKENS LED ORNEMENT WD 1X18W
Deposit N4 - B9,3328,PICKENS LED ORNEMENT WD 2X18W
Deposit N4 - C1,1800,CA-32 CAJA VACIA TAPA TRANSPAR
Deposit N4 - C1,1801,CA-33 CAJA VACIA TAPA TRANSPAR
Deposit N4 - C1,1802,CA-43 CAJA VACIA TAPA TRANSPAR
Deposit N4 - C1,1804,CA-63 CAJA VACIA TAPA TRANSPAR
Deposit N4 - C10,1256,******CEE-FORM WCD 63A -3P+N+A
Deposit N4 - C10,1805,CA-64 CAJA VACIA TAPA TRANSPAR
Deposit N4 - C10,1830,TT-64-CJ TAPA POLICARB.TRANSP.
Deposit N4 - C10,1832,TT-84A-CJ TAPA POLICARB.TRANSP
Deposit N4 - C10,1833,TT-86A-CJ TAPA POLICARB.TRANSP
Deposit N4 - C11,18211,CU-64 CAJA CUERPO CA-64
Deposit N4 - C12,1805,CA-64 CAJA VACIA TAPA TRANSPAR
Deposit N4 - C12,1824,CU-86 CAJA CUERPO CA-86
Deposit N4 - C12,1833,TT-86A-CJ TAPA POLICARB.TRANSP
Deposit N4 - C12,1878,CR-350 CAJA REPART.CABLE 50MM
Deposit N4 - C12,1879,CR-395 CAJA REPART.CABLE 95MM
Deposit N4 - C2,1837,TO-63-CJ TAPA POLICARB.OPACO C
Deposit N4 - C2,1837,TO-63-CJ TAPA POLICARB.OPACO C
Deposit N4 - C2,1838,TO-66-CJ TAPA POLICARB.OPACO C
Deposit N4 - C2,1838,TO-66-CJ TAPA POLICARB.OPACO C
Deposit N4 - C2,1839,TO-84A-CJ TAPA POLICARB.OPACO
Deposit N4 - C2,1839,TO-84A-CJ TAPA POLICARB.OPACO
Deposit N4 - C2,1840,TO-86A-CJ TAPA POLICARB.OPACO
Deposit N4 - C2,1840,TO-86A-CJ TAPA POLICARB.OPACO
Deposit N4 - C3,1822,CU-66 CAJA CUERPO CA-66
Deposit N4 - C3,1826,TT-33-CJ TAPA POLICARB.TRANSP.
Deposit N4 - C3,1826,TT-33-CJ TAPA POLICARB.TRANSP.
Deposit N4 - C3,1827,TT-43-CJ TAPA POLICARB.TRANSP.
Deposit N4 - C3,1827,TT-43-CJ TAPA POLICARB.TRANSP.
Deposit N4 - C3,1828,TT-44-CJ TAPA POLICARB.TRANSP.
Deposit N4 - C3,1828,TT-44-CJ TAPA POLICARB.TRANSP.
Deposit N4 - C3,1835,TO-33-CJ TAPA POLICARB.OPACO C
Deposit N4 - C3,1835,TO-33-CJ TAPA POLICARB.OPACO C
Deposit N4 - C3,18351,TO-43-CJ TAPA POLICARB.OPACO C
Deposit N4 - C4,1627,PLP4080
Deposit N4 - C4,1629,TAPA 48642
Deposit N4 - C4,1630,TCF4040
Deposit N4 - C4,1639,PACK UNION 48112
Deposit N4 - C4,1640,KIT SUJECION 48156 DINRAIL
Deposit N4 - C4,1642,TMA3080
Deposit N4 - C4,1645,TCA4080
Deposit N4 - C4,1839,TO-84A-CJ TAPA POLICARB.OPACO
Deposit N4 - C5,3229,TL-ORNEMENT LED 1x18W WD LEEG
Deposit N4 - C6,1825,TT-32-CJ TAPA POLICARB.TRANSP.
Deposit N4 - C6,1831,TT-66-CJ TAPA POLICARB.TRANSP.
Deposit N4 - C6,1833,TT-86A-CJ TAPA POLICARB.TRANSP
Deposit N4 - C6,1834,TO-32-CJ TAPA POLICARB.OPACO C
Deposit N4 - C6,1836,TO-44-CJ TAPA POLICARB.OPACO C
Deposit N4 - C7,1822,CU-66 CAJA CUERPO CA-66
Deposit N4 - C8,0707,ATEMA U 50 INBDOOS 16-19-20MM
Deposit N4 - C8,0708,ATEMA TUIT 2X16/19/20 U 50
Deposit N4 - C8,0709,ATEMA AFDEK PLAAT U 50
Deposit N4 - C8,1628,ZCL 1040
Deposit N4 - C8,1632,TCA6080
Deposit N4 - C8,1637,ZCL 1080
Deposit N4 - C8,1644,PLP3080
Deposit N4 - C8,1650,IDE RAIL SOPORT 160-400A 48454
Deposit N4 - C8,1653,OPBOUWKAST IDE ARM.40COM96
Deposit N4 - C8,1804,CA-63 CAJA VACIA TAPA TRANSPAR
Deposit N4 - C8,1822,CU-66 CAJA CUERPO CA-66
Deposit N4 - C8,1831,TT-66-CJ TAPA POLICARB.TRANSP.
Deposit N4 - C8,1840,TO-86A-CJ TAPA POLICARB.OPACO
Deposit N4 - C8,1852,CC-03-CJ CAJA CABLES CIEGA
Deposit N4 - C8,1862,ART-107 ARM.TEJADILLO 1000X750
Deposit N4 - C8,19271,PRONUTEC OPB.KAST 1000X750
Deposit N4 - C8,4200,KABELGOOT 12x7MM 10010 FBR
Deposit N4 - C8,4201,KABELGOOT 16X10MM 10020 FBR
Deposit N4 - C8,4203,KABELGOOT 32x12.5MM 10400 FBR
Deposit N4 - C8,4204,KABELGOOT 32X16MM 10040 FBR
Deposit N4 - C8,4205,"KABELGOOT 40X12,5MM 10150 FBR"
Deposit N4 - C8,4207,KABELGOOT 50X20MM 10500 CBR
Deposit N4 - C8,4208,KABELGOOT 60X16MM 10070 CBR
Deposit N4 - C8,4210,KABELGOOT 110X34MM 10080 RBR
Deposit N4 - C9,1808,CA-86A CAJA VACIA TAPA TRANSP
Deposit N4 - C9,3328,PICKENS LED ORNEMENT WD 2X18W
Deposit N4 - D1,1856,BRES-325 ARMARIO VACIO NORMAL
Deposit N4 - D1,1857,BRES-43 ARMARIO VACIO NORMAL
Deposit N4 - D1,18571,BRES-54 ARMARIO VACIO NORMAL
Deposit N4 - D10,0364,CABLE CLIPS   7  mm
Deposit N4 - D10,0365,CABLE CLIPS   8  mm
Deposit N4 - D10,0366,CABLE CLIPS   9  mm
Deposit N4 - D11,0132,VDS DRAAD FLEX  1.5 mm GR/GL
Deposit N4 - D11,0137,VDS DRAAD FLEX 10 mm ZWART
Deposit N4 - D11,0138,VDS DRAAD FLEX 10 mm BLAUW
Deposit N4 - D11,0140,VDS DRAAD FLEX 16 mm BLAUW
Deposit N4 - D11,0143,VDS DRAAD FLEX 25 mm BLAUW
Deposit N4 - D11,0144,VDS DRAAD FLEX 25 mm GR/GL-K
Deposit N4 - D11,0149,VDS DRAAD FLEX 2.5mm ZWART
Deposit N4 - D11,0150,VDS DRAAD FLEX 2.5mm BLAUW
Deposit N4 - D11,0155,VDS DRAAD FLEX 2.5mm ROOD
Deposit N4 - D12,0108,VD DRAAD  6  mm  ZWART
Deposit N4 - D12,0109,VD DRAAD  6  mm  BLAUW
Deposit N4 - D12,0110,VD DRAAD  6  mm  GR/GL
Deposit N4 - D12,0117,VD DRAAD 25  mm  ZWART
Deposit N4 - D12,0117,VD DRAAD 25  mm  ZWART
Deposit N4 - D12,0148,VDS DRAAD FLEX 50 mm ZWART
Deposit N4 - D12,0363,CABLE CLIPS   6  mm
Deposit N4 - D13,1808,CA-86A CAJA VACIA TAPA TRANSP
Deposit N4 - D13,1817,CU-32 CAJA CUERPO CA-32
Deposit N4 - D13,1818,CU-33 CAJA CUERPO CA-33
Deposit N4 - D13,1820,CU-43 CAJA CUERPO CA-43
Deposit N4 - D14,0361,CABLE CLIPS   4  mm
Deposit N4 - D14,0362,CABLE CLIPS   5  mm
Deposit N4 - D14,0363,CABLE CLIPS   6  mm
Deposit N4 - D15,0130,VDS DRAAD FLEX  1.5mm ZWART
Deposit N4 - D15,0131,VDS DRAAD FLEX  1.5 mm BLAUW
Deposit N4 - D15,0142,VDS DRAAD FLEX 25 mm ZWART
Deposit N4 - D15,0153,VDS DRAAD FLEX 4mm BLAUW
Deposit N4 - D15,0154,VDS DRAAD FLEX 4mm GR/GL
Deposit N4 - D16,0107,VD DRAAD  4  mm  GL/GR
Deposit N4 - D16,0116,VD DRAAD 16  mm  GR/GL
Deposit N4 - D16,0119,VD DRAAD 25  mm  GR/GL
Deposit N4 - D16,0145,VDS DRAAD FLEX 35 mm ZWART
Deposit N4 - D16,0146,VDS DRAAD FLEX 35 mm BLAUW
Deposit N4 - D16,1855,RE-64 REGRUESO PARA CA-64
Deposit N4 - D16,1873,PMM-75 PLACA MONT.ART75
Deposit N4 - D16,1874,PMM-107 PLACA . PARA ART 107
Deposit N4 - D16,19201,RAILKOPER VERN 20X5MM
Deposit N4 - D16,3295,"BEDRADINGSDRAAD  0,75mm"
Deposit N4 - D3,1868,CHM-325 CHASIS MODULAR BRES
Deposit N4 - D3,1869,CHM-43 CHASIS MODULAR BRES
Deposit N4 - D3,18691,CHM-54 CHASIS MODULAR BRES
Deposit N4 - D3,1870,CHM-64 CHASIS MODULAR BRES
Deposit N4 - D3,1871,CHM-65 CHASIS MODULAR BRES
Deposit N4 - D3,1872,CHM-86 CHASIS MODULAR BRES
Deposit N4 - D3,1886,OFM-14 OREJA FIJACION MURAL 4U
Deposit N4 - D4,0143,VDS DRAAD FLEX 25 mm BLAUW
Deposit N4 - D4,0147,VDS DRAAD FLEX 35 mm GR/GL
Deposit N4 - D4,0148,VDS DRAAD FLEX 50 mm ZWART
Deposit N4 - D4,0159,VDS H07V-K FLEX 50 mm BLAUW
Deposit N4 - D4,1655,OPBOUWKAST IDE ARM.40COM144
Deposit N4 - D4,1857,BRES-43 ARMARIO VACIO NORMAL
Deposit N4 - D4,1860,BRES-86 ARMARIO VACIO NORMAL
Deposit N4 - D4,1867,PBM-86 PLACA METALICA PBM-86
Deposit N4 - D4,3281,BALLAST 1x20W STARTER
Deposit N4 - D4,3282,BALLAST 1x20W STARTER 220V
Deposit N4 - D4,3283,BALLAST 1x40W STARTER
Deposit N4 - D4,3285,BALLAST 2x34W ELECTR  120 VOLT
Deposit N4 - D4,3286,BALLAST 2x40W RS  220 VOLT
Deposit N4 - D4,3288,BALLAST 4x32W electr120-277vT8
Deposit N4 - D4,3320,PICKENS RFTN 400W 7000K FLAT
Deposit N4 - D5,1808,CA-86A CAJA VACIA TAPA TRANSP
Deposit N4 - D5,18551,RE-66 REGRUESO PARA CA-66
Deposit N4 - D5,1858,BRES-64 ARMARIO VACIO NORMAL
Deposit N4 - D5,1859,BRES-65 ARMARIO VACIO NORMAL
Deposit N4 - D6,0367,CABLE CLIPS  10  mm
Deposit N4 - D6,0368,CABLE CLIPS  11  mm
Deposit N4 - D6,0373,CABLE CLIPS   11 - 15  mm
Deposit N4 - D7,0141,VDS DRAAD FLEX 16mm GR/GL
Deposit N4 - D7,3323,PICKENS LED BASE T8 60 CM
Deposit N4 - D7,3327,PICKENS LED ORNEMENT WD 2X9W
Deposit N4 - D8,0111,VD DRAAD 10  mm  ZWART
Deposit N4 - D8,0112,VD DRAAD 10  mm  BLAUW
Deposit N4 - D8,0115,VD DRAAD 16  mm  BLAUW
Deposit N4 - D8,0118,VD DRAAD 25  mm  BLAUW
Deposit N4 - D9,1819,CU-44 CAJA CUERPO CA-44
Deposit N4 - D9,1821,CU-63 CAJA CUERPO CA-63
Deposit N4 - D9,1854,RE-63 REGRUESO PARA CA-63
Deposit N4 - E1,1805,CA-64 CAJA VACIA TAPA TRANSPAR
Deposit N4 - E1,1806,CA-66 CAJA VACIA TAPA TRANSPAR
Deposit N4 - E1,1925,HH1860737 EINDKAP UR403/8 15X8
Deposit N4 - E2,1887,HH1021489 RAILSTEUN 15X8MM
Deposit N4 - E2,18871,HH1021487 RAILST 15X4 R430/4
Deposit N4 - E2,1888,HH1021489 RAILSTEUN 15X16MM
Deposit N4 - E2,18881,HH1021490 RAILST 15X24 R430/24
Deposit N4 - E2,1924,HH1860736 EINDKAP UR403/4 15X4
Deposit N4 - E2,1926,HH1860738 EINDK UR403/16 15X16
Deposit N4 - E2,19261,HH1860739 EINDK UR403/24 15X24
Deposit N4 - E3,1880,DV-M DISPOSITIVO VENTILACION
Deposit N4 - E3,1881,DV-G DISPOSITIVO VENTILACION G
Deposit N4 - E3,18892,HH1763916 AFTAKSTRIP 250 NUL
Deposit N4 - E3,1890,HH 1764.194 AFTAKSET DMV 400L
Deposit N4 - E3,1891,HH 1764.249 AFTAKSET BOVEN N
Deposit N4 - E3,1892,HH 1764.116 AFTAKSET DMV630L
Deposit N4 - E3,1893,HH 1764.114 AFTAKSET DMV630NUL
Deposit N4 - E3,1896,HH 1014.946 AFTAKBLOK 6X16MM
Deposit N4 - E3,1897,HH 1014.316 RAILKOPPEL  A70/12
Deposit N4 - E3,1898,HH 1014.317 RAILKOPPEL  A70/16
Deposit N4 - E3,1906,HH 1014.939 AARDRAILSET 219 MM
Deposit N4 - E3,1907,HH 1014.940 AARDRAILSET 299 MM
Deposit N4 - E3,1908,HH 1021.008 RUB INV.TULE10-60
Deposit N4 - E3,1909,HH 1021.010 RUB INVTULE 12-80
Deposit N4 - E3,1910,HH 1042.705 BEV.MUUR 85X23
Deposit N4 - E3,1921,HH1042253 OPVULSTRIP 20X45
Deposit N4 - E3,1922,HH1021006 INV TULE PG21 E 62B
Deposit N4 - E3,1923,HH1021007 INV TULE PG29 E62C
Deposit N4 - E4,0245,VMVL  H05 V V-F 2x0.75  mm
Deposit N4 - E4,0247,VMvL H05 V V-F 2x1.5   mm
Deposit N4 - E4,02501,VMvL H05 V V-F 5G2.5   mm
Deposit N4 - E4,1882,OFC-4000 OREJA FIJACION  CAJA
Deposit N4 - E4,1883,TFT-400 TORNILLO PARA CAJA
Deposit N4 - E4,1884,TFT-400M TONILLO MANUAL
Deposit N4 - E4,1894,HH 1764.130 AFTAKSET DMV 1000L
Deposit N4 - E4,1895,HH 1764.132 AFTAKSET 1000A NUL
Deposit N4 - E4,18981,HH1014761 AFTAKKLEM M6X30
Deposit N4 - E4,1899,HH 1014.762 AFTAKKLEM 6X40
Deposit N4 - E4,1901,HH 1014.764 AFTAKKLEM M6X60
Deposit N4 - E4,1913,HH 1015.912 AANSL KLEM 1X95 M8
Deposit N4 - E4,1914,HH 1015.913 AANSL KLEM 1X185
Deposit N4 - E4,1915,HH 1015.914 AANSL KLEM 3X95
